step,sim_time_sec,total_observed_voxels,frontier_voxels,distance_traveled,selected_score,plan_time_ms,mean_eig,mean_entropy,mean_variance,mean_info_gain,mean_path_cost,selected_info_gain,selected_path_cost,selected_utility,coord_active_peers,rejected_by_minpos,rejected_by_unreachable,phase,target_id,vantage_index,n_vantages_valid,vantage_los_clear,dwell_sec,prox_hold_count,prox_hold_total_sec,state,reconnect_range_to_goal_m,reconnect_elapsed_sec,unknown_fraction,coverage_source,info_gain_std,sep_peer_dist_m,sep_discount,sep_reordered,sep_eligible_peers,plan_cand_total,plan_rej_close,plan_rej_map,plan_rej_unreach,plan_rej_blacklist,plan_rej_minpos,plan_stall_ticks,pursue_peer,pursue_quarry_live,team_complete,plan_rej_visited
0,21.480000,0,0,0,0,0,0,0,0,0,0,0,0,0,0,0,0,explore,-1,-1,0,0,0,0,0,WAIT_FOR_MAP,-1,-1,-1,none,0,-1,1,-1,0,-1,-1,-1,-1,-1,-1,-1,,-1,0,-1
0,25.000000,69734,62420,0.00348431,0,0,0.00227272,0.0555562,0.000268658,0,0,0,0,0,0,0,0,explore,-1,-1,0,0,0,0,0,WAIT_FOR_MAP,-1,-1,0.770534,coverage_map,0,-1,1,-1,0,-1,-1,-1,-1,-1,-1,-1,,-1,0,-1
0,30.000000,70893,63379,0.00848673,0,0,0.00204292,0.0570778,0.000237456,0,0,0,0,0,0,0,0,explore,-1,-1,0,0,0,0,0,WAIT_FOR_MAP,-1,-1,0.768896,coverage_map,0,-1,1,-1,0,-1,-1,-1,-1,-1,-1,-1,,-1,0,-1
0,35.000000,71873,64256,0.0134891,0,0,0.00198249,0.0596848,0.000256299,0,0,0,0,0,0,0,0,explore,-1,-1,0,0,0,0,0,WAIT_FOR_MAP,-1,-1,0.765873,coverage_map,0,-1,1,-1,0,-1,-1,-1,-1,-1,-1,-1,,-1,0,-1
0,40.000000,72965,65349,0.0184916,0,0,0.00186264,0.0624331,0.000231979,0,0,0,0,0,0,0,0,explore,-1,-1,0,0,0,0,0,WAIT_FOR_MAP,-1,-1,0.762409,coverage_map,0,-1,1,-1,0,-1,-1,-1,-1,-1,-1,-1,,-1,0,-1
0,45.000000,75674,67864,0.023494,0,0,0.00190982,0.0653686,0.000229723,0,0,0,0,0,0,0,0,explore,-1,-1,0,0,0,0,0,WAIT_FOR_MAP,-1,-1,0.752582,coverage_map,0,-1,1,-1,0,-1,-1,-1,-1,-1,-1,-1,,-1,0,-1
0,50.000000,77803,69440,0.0274364,0,0,0.00215189,0.0708161,0.000283295,0,0,0,0,0,0,0,0,explore,-1,-1,0,0,0,0,0,WAIT_FOR_MAP,-1,-1,0.746347,coverage_map,0,-1,1,-1,0,-1,-1,-1,-1,-1,-1,-1,,-1,0,-1
0,55.000000,88971,78396,0.0322402,0,0,0.00347245,0.0992151,0.000519905,0,0,0,0,0,0,0,0,explore,-1,-1,0,0,0,0,0,WAIT_FOR_MAP,-1,-1,0.712144,coverage_map,0,-1,1,-1,0,-1,-1,-1,-1,-1,-1,-1,,-1,0,-1
0,60.000000,95929,83939,0.0362756,0,0,0.00346693,0.1108,0.000550688,0,0,0,0,0,0,0,0,explore,-1,-1,0,0,0,0,0,WAIT_FOR_MAP,-1,-1,0.691673,coverage_map,0,-1,1,-1,0,-1,-1,-1,-1,-1,-1,-1,,-1,0,-1
0,65.000000,103271,89774,0.0390607,0,0,0.00362359,0.130025,0.000569413,0,0,0,0,0,0,0,0,explore,-1,-1,0,0,0,0,0,WAIT_FOR_MAP,-1,-1,0.667611,coverage_map,0,-1,1,-1,0,-1,-1,-1,-1,-1,-1,-1,,-1,0,-1
0,70.000000,104889,90872,0.0396242,0,0,0.00318982,0.134285,0.000507942,0,0,0,0,0,0,0,0,explore,-1,-1,0,0,0,0,0,WAIT_FOR_MAP,-1,-1,0.662887,coverage_map,0,-1,1,-1,0,-1,-1,-1,-1,-1,-1,-1,,-1,0,-1
0,75.000000,106317,91935,0.0396705,0,0,0.00311431,0.138123,0.000495882,0,0,0,0,0,0,0,0,explore,-1,-1,0,0,0,0,0,WAIT_FOR_MAP,-1,-1,0.658793,coverage_map,0,-1,1,-1,0,-1,-1,-1,-1,-1,-1,-1,,-1,0,-1
0,80.000000,106758,92272,0.0396741,0,0,0.00304119,0.13866,0.000496965,0,0,0,0,0,0,0,0,explore,-1,-1,0,0,0,0,0,WAIT_FOR_MAP,-1,-1,0.658541,coverage_map,0,-1,1,-1,0,-1,-1,-1,-1,-1,-1,-1,,-1,0,-1
0,85.000000,114923,99094,0.216977,0,0,0.00664254,0.163033,0.00145116,0,0,0,0,0,1,0,0,explore,-1,-1,0,0,0,0,0,NAVIGATE,-1,-1,0.630952,coverage_map,0,-1,1,-1,0,57,4,0,0,0,0,0,,-1,1,0
0,90.000000,124611,107105,0.911056,0,0,0.00682889,0.177924,0.00140885,0,0,0,0,0,1,0,0,explore,-1,-1,0,0,0,0,0,NAVIGATE,-1,-1,0.595931,coverage_map,0,-1,1,-1,0,57,4,0,0,0,0,0,,-1,1,0
0,95.000000,140177,120939,3.20947,0,0,0.00727156,0.18146,0.00143267,0,0,0,0,0,1,0,0,explore,-1,-1,0,0,0,0,0,NAVIGATE,-1,-1,0.584026,coverage_map,0,-1,1,-1,0,57,4,0,0,0,0,0,,-1,1,0
0,100.000000,159739,138582,5.44304,0,0,0.00655492,0.172138,0.00119547,0,0,0,0,0,1,0,0,explore,-1,-1,0,0,0,0,0,NAVIGATE,-1,-1,0.57231,coverage_map,0,-1,1,-1,0,57,4,0,0,0,0,0,,-1,1,0
0,105.000000,173217,150496,7.58097,0,0,0.00665541,0.170385,0.00125435,0,0,0,0,0,1,0,0,explore,-1,-1,0,0,0,0,0,NAVIGATE,-1,-1,0.552721,coverage_map,0,-1,1,-1,0,57,4,0,0,0,0,0,,-1,1,0
0,107.600000,173217,150496,7.9169,5950.78,400,0.00665541,0.170385,0.00125435,15809.8,13.4758,16811,7.88062,5950.78,1,0,0,explore,-1,-1,0,0,0,0,0,LOG_STEP,-1,-1,0.543147,coverage_map,1711.87,-1,1,-1,0,57,4,0,0,0,0,0,,-1,1,0
1,110.000000,192640,167948,8.16382,0,0,0.00780825,0.173578,0.00153751,0,0,0,0,0,1,0,0,explore,-1,-1,0,0,0,0,0,NAVIGATE,-1,-1,0.525321,coverage_map,0,-1,1,-1,0,70,1,0,0,2,0,0,,-1,1,2
1,115.000000,216987,189305,10.2895,0,0,0.00825245,0.175978,0.00160156,0,0,0,0,0,1,0,0,explore,-1,-1,0,0,0,0,0,NAVIGATE,-1,-1,0.465734,coverage_map,0,-1,1,-1,0,70,1,0,0,2,0,0,,-1,1,2
1,120.000000,241496,211866,12.7629,0,0,0.00824384,0.175979,0.00158252,0,0,0,0,0,1,0,0,explore,-1,-1,0,0,0,0,0,NAVIGATE,-1,-1,0.420698,coverage_map,0,-1,1,-1,0,70,1,0,0,2,0,0,,-1,1,2
1,125.000000,255781,224943,14.7715,0,0,0.00737741,0.168805,0.00139183,0,0,0,0,0,1,0,0,explore,-1,-1,0,0,0,0,0,NAVIGATE,-1,-1,0.400164,coverage_map,0,-1,1,-1,0,70,1,0,0,2,0,0,,-1,1,2
1,127.800000,255781,224943,15.1598,5848.23,500,0.00737741,0.168805,0.00139183,14815,16.2458,16389.6,7.75391,5848.23,1,0,0,explore,-1,-1,0,0,0,0,0,LOG_STEP,-1,-1,0.3984,coverage_map,1836.68,-1,1,-1,0,70,1,0,0,2,0,0,,-1,1,2
2,130.000000,263419,231874,15.2267,0,0,0.00651889,0.161776,0.00120607,0,0,0,0,0,1,0,0,explore,-1,-1,0,0,0,0,0,NAVIGATE,-1,-1,0.396888,coverage_map,0,-1,1,-1,0,80,1,0,0,4,0,0,,-1,1,4
2,135.000000,278992,246322,16.4343,0,0,0.00633075,0.162014,0.00115271,0,0,0,0,0,1,0,0,explore,-1,-1,0,0,0,0,0,NAVIGATE,-1,-1,0.346183,coverage_map,0,-1,1,-1,0,80,1,0,0,4,0,0,,-1,1,4
2,140.000000,290467,257013,18.7354,0,0,0.00603336,0.159909,0.00108516,0,0,0,0,0,1,0,0,explore,-1,-1,0,0,0,0,0,NAVIGATE,-1,-1,0.324641,coverage_map,0,-1,1,-1,0,80,1,0,0,4,0,0,,-1,1,4
2,145.000000,298515,264260,20.9498,0,0,0.00600269,0.159182,0.00110142,0,0,0,0,0,1,0,0,explore,-1,-1,0,0,0,0,0,NAVIGATE,-1,-1,0.300642,coverage_map,0,-1,1,-1,0,80,1,0,0,4,0,0,,-1,1,4
2,150.000000,304800,269802,22.5318,0,0,0.00577729,0.157799,0.00104686,0,0,0,0,0,1,0,0,explore,-1,-1,0,0,0,0,0,INTEGRATE,-1,-1,0.295981,coverage_map,0,-1,1,-1,0,80,1,0,0,4,0,0,,-1,1,4
2,150.500000,304800,269802,22.5323,5327.56,500,0.00577729,0.157799,0.00104686,13960,19.8314,14382.7,7.18822,5327.56,1,0,0,explore,-1,-1,0,0,0,0,0,LOG_STEP,-1,-1,0.294848,coverage_map,2158.67,-1,1,-1,0,80,1,0,0,4,0,0,,-1,1,4
3,155.000000,312200,276464,22.9217,0,0,0.00551646,0.156,0.000985066,0,0,0,0,0,1,0,0,explore,-1,-1,0,0,0,0,0,NAVIGATE,-1,-1,0.28099,coverage_map,0,-1,1,-1,0,84,1,0,0,3,0,0,,-1,1,3
3,160.000000,318713,282246,25.0238,0,0,0.0052104,0.154656,0.000921752,0,0,0,0,0,1,0,0,explore,-1,-1,0,0,0,0,0,NAVIGATE,-1,-1,0.276455,coverage_map,0,-1,1,-1,0,84,1,0,0,3,0,0,,-1,1,3
3,165.000000,328290,290667,27.1511,0,0,0.00547475,0.15775,0.0010071,0,0,0,0,0,1,0,0,explore,-1,-1,0,0,0,0,0,NAVIGATE,-1,-1,0.224994,coverage_map,0,-1,1,-1,0,84,1,0,0,3,0,0,,-1,1,3
3,170.000000,336920,298593,29.301,0,0,0.00545083,0.158176,0.00100207,0,0,0,0,0,1,0,0,explore,-1,-1,0,0,0,0,0,NAVIGATE,-1,-1,0.199987,coverage_map,0,-1,1,-1,0,84,1,0,0,3,0,0,,-1,1,3
3,172.300000,336920,298593,29.5775,5390.68,500,0.00545083,0.158176,0.00100207,13597.6,23.4364,14148.1,6.78822,5390.68,1,0,0,explore,-1,-1,0,0,0,0,0,LOG_STEP,-1,-1,0.194004,coverage_map,2325.4,-1,1,-1,0,84,1,0,0,3,0,0,,-1,1,3
4,175.000000,343716,305022,30.1295,0,0,0.00520054,0.156224,0.000943072,0,0,0,0,0,1,0,0,explore,-1,-1,0,0,0,0,0,NAVIGATE,-1,-1,0.192618,coverage_map,0,-1,1,-1,0,94,1,0,0,3,0,0,,-1,1,3
4,180.000000,350635,311676,32.1276,0,0,0.00499912,0.154571,0.000890485,0,0,0,0,0,1,0,0,explore,-1,-1,0,0,0,0,0,NAVIGATE,-1,-1,0.182666,coverage_map,0,-1,1,-1,0,94,1,0,0,3,0,0,,-1,1,3
4,185.000000,354478,315210,34.2044,0,0,0.00502642,0.154201,0.000919263,0,0,0,0,0,1,0,0,explore,-1,-1,0,0,0,0,0,NAVIGATE,-1,-1,0.171328,coverage_map,0,-1,1,-1,0,94,1,0,0,3,0,0,,-1,1,3
4,190.000000,358392,318780,36.2828,0,0,0.00487181,0.153122,0.000877909,0,0,0,0,0,1,0,0,explore,-1,-1,0,0,0,0,0,NAVIGATE,-1,-1,0.168871,coverage_map,0,-1,1,-1,0,94,1,0,0,3,0,0,,-1,1,3
4,194.400000,358392,318780,37.3264,5406.47,600,0.00487181,0.153122,0.000877909,13439.6,22.3713,15878.4,8.52548,5406.47,1,0,0,explore,-1,-1,0,0,0,0,0,LOG_STEP,-1,-1,0.165785,coverage_map,2200.84,-1,1,-1,0,94,1,0,0,3,0,0,,-1,1,3
5,195.100000,363362,323383,37.3625,0,0,0.00474066,0.152025,0.00084536,0,0,0,0,0,1,0,0,explore,-1,-1,0,0,0,0,0,NAVIGATE,-1,-1,0.165785,coverage_map,0,-1,1,-1,0,95,1,0,0,3,1,0,,-1,1,3
5,200.000000,366736,326541,38.5245,0,0,0.00477378,0.15271,0.000866037,0,0,0,0,0,1,0,0,explore,-1,-1,0,0,0,0,0,NAVIGATE,-1,-1,0.15262,coverage_map,0,-1,1,-1,0,95,1,0,0,3,1,0,,-1,1,3
5,205.000000,367762,327429,40.2505,0,0,0.00471617,0.152305,0.000854877,0,0,0,0,0,1,0,0,explore,-1,-1,0,0,0,0,0,NAVIGATE,-1,-1,0.15262,coverage_map,0,-1,1,-1,0,95,1,0,0,3,1,0,,-1,1,3
5,210.000000,368313,327956,40.4501,0,0,0.00465794,0.152171,0.000843058,0,0,0,0,0,1,0,0,explore,-1,-1,0,0,0,0,0,NAVIGATE,-1,-1,0.15199,coverage_map,0,-1,1,-1,0,95,1,0,0,3,1,0,,-1,1,3
5,215.000000,368681,328371,40.8479,0,0,0.00463573,0.15197,0.00083933,0,0,0,0,0,1,0,0,explore,-1,-1,0,0,0,0,0,NAVIGATE,-1,-1,0.151927,coverage_map,0,-1,1,-1,0,95,1,0,0,3,1,0,,-1,1,3
5,220.000000,369138,328883,41.7903,0,0,0.00460872,0.15174,0.000834043,0,0,0,0,0,1,0,0,explore,-1,-1,0,0,0,0,0,NAVIGATE,-1,-1,0.151927,coverage_map,0,-1,1,-1,0,95,1,0,0,3,1,0,,-1,1,3
5,225.000000,369653,329356,42.1222,0,0,0.00458889,0.151474,0.000830121,0,0,0,0,0,1,0,0,explore,-1,-1,0,0,0,0,0,NAVIGATE,-1,-1,0.151864,coverage_map,0,-1,1,-1,0,95,1,0,0,3,1,0,,-1,1,3
5,230.000000,369752,329497,42.3949,0,0,0.00456882,0.151154,0.000827315,0,0,0,0,0,1,0,0,explore,-1,-1,0,0,0,0,0,NAVIGATE,-1,-1,0.151864,coverage_map,0,-1,1,-1,0,95,1,0,0,3,1,0,,-1,1,3
5,235.000000,369835,329689,42.8733,0,0,0.00455509,0.150975,0.000825216,0,0,0,0,0,1,0,0,explore,-1,-1,0,0,0,0,0,NAVIGATE,-1,-1,0.151864,coverage_map,0,-1,1,-1,0,95,1,0,0,3,1,0,,-1,1,3
5,240.000000,369859,329744,43.5063,0,0,0.00454498,0.150823,0.000823822,0,0,0,0,0,1,0,0,explore,-1,-1,0,0,0,0,0,NAVIGATE,-1,-1,0.151864,coverage_map,0,-1,1,-1,0,95,1,0,0,3,1,0,,-1,1,3
5,245.000000,369897,329791,43.7188,0,0,0.00452982,0.150691,0.000821047,0,0,0,0,0,1,0,0,explore,-1,-1,0,0,0,0,0,NAVIGATE,-1,-1,0.151864,coverage_map,0,-1,1,-1,0,95,1,0,0,3,1,0,,-1,1,3
5,250.000000,370076,330019,44.0056,0,0,0.00453686,0.150708,0.000823813,0,0,0,0,0,1,0,0,explore,-1,-1,0,0,0,0,0,NAVIGATE,-1,-1,0.151864,coverage_map,0,-1,1,-1,0,95,1,0,0,3,1,0,,-1,1,3
5,255.000000,370924,330844,44.2901,0,0,0.00455344,0.150698,0.000825655,0,0,0,0,0,1,0,0,explore,-1,-1,0,0,0,0,0,NAVIGATE,-1,-1,0.151801,coverage_map,0,-1,1,-1,0,95,1,0,0,3,1,0,,-1,1,3
5,260.000000,372302,332200,44.6809,0,0,0.00451862,0.150408,0.00081581,0,0,0,0,0,1,0,0,explore,-1,-1,0,0,0,0,0,NAVIGATE,-1,-1,0.151801,coverage_map,0,-1,1,-1,0,95,1,0,0,3,1,0,,-1,1,3
5,265.000000,374481,334200,44.8771,0,0,0.00443327,0.149411,0.00079655,0,0,0,0,0,1,0,0,explore,-1,-1,0,0,0,0,0,NAVIGATE,-1,-1,0.151675,coverage_map,0,-1,1,-1,0,95,1,0,0,3,1,0,,-1,1,3
5,270.000000,375320,334980,45.2509,0,0,0.00431527,0.148208,0.000774306,0,0,0,0,0,1,0,0,explore,-1,-1,0,0,0,0,0,NAVIGATE,-1,-1,0.151487,coverage_map,0,-1,1,-1,0,95,1,0,0,3,1,0,,-1,1,3
5,275.000000,377183,336786,45.7269,0,0,0.00428996,0.148102,0.000769401,0,0,0,0,0,1,0,0,explore,-1,-1,0,0,0,0,0,NAVIGATE,-1,-1,0.145251,coverage_map,0,-1,1,-1,0,95,1,0,0,3,1,0,,-1,1,3
5,280.000000,378011,337548,46.0866,0,0,0.00419728,0.147668,0.000749841,0,0,0,0,0,1,0,0,explore,-1,-1,0,0,0,0,0,NAVIGATE,-1,-1,0.145251,coverage_map,0,-1,1,-1,0,95,1,0,0,3,1,0,,-1,1,3
5,285.000000,379401,338951,46.3045,0,0,0.00414081,0.147343,0.000738002,0,0,0,0,0,1,0,0,explore,-1,-1,0,0,0,0,0,NAVIGATE,-1,-1,0.145062,coverage_map,0,-1,1,-1,0,95,1,0,0,3,1,0,,-1,1,3
5,290.000000,380791,340282,46.6958,0,0,0.00405739,0.146895,0.000719076,0,0,0,0,0,1,0,0,explore,-1,-1,0,0,0,0,0,NAVIGATE,-1,-1,0.140275,coverage_map,0,-1,1,-1,0,95,1,0,0,3,1,0,,-1,1,3
5,295.000000,381221,340811,47.0021,0,0,0.00403619,0.146645,0.000718123,0,0,0,0,0,1,0,0,explore,-1,-1,0,0,0,0,0,NAVIGATE,-1,-1,0.139141,coverage_map,0,-1,1,-1,0,95,1,0,0,3,1,0,,-1,1,3
5,300.000000,382441,342041,47.4619,0,0,0.00404772,0.146741,0.000720731,0,0,0,0,0,1,0,0,explore,-1,-1,0,0,0,0,0,NAVIGATE,-1,-1,0.137503,coverage_map,0,-1,1,-1,0,95,1,0,0,3,1,0,,-1,1,3
5,305.000000,383724,343296,47.9583,0,0,0.00400938,0.146626,0.000711191,0,0,0,0,0,1,0,0,explore,-1,-1,0,0,0,0,0,NAVIGATE,-1,-1,0.137125,coverage_map,0,-1,1,-1,0,95,1,0,0,3,1,0,,-1,1,3
5,310.000000,384187,343760,48.3164,0,0,0.00396575,0.146403,0.000703244,0,0,0,0,0,1,0,0,explore,-1,-1,0,0,0,0,0,NAVIGATE,-1,-1,0.137062,coverage_map,0,-1,1,-1,0,95,1,0,0,3,1,0,,-1,1,3
5,315.000000,384213,343821,48.4897,0,0,0.00394249,0.146181,0.000699767,0,0,0,0,0,1,0,0,explore,-1,-1,0,0,0,0,0,NAVIGATE,-1,-1,0.137062,coverage_map,0,-1,1,-1,0,95,1,0,0,3,1,0,,-1,1,3
5,320.000000,384289,343876,48.8766,0,0,0.00390026,0.145865,0.000693656,0,0,0,0,0,1,0,0,explore,-1,-1,0,0,0,0,0,NAVIGATE,-1,-1,0.137062,coverage_map,0,-1,1,-1,0,95,1,0,0,3,1,0,,-1,1,3
5,325.000000,384400,343956,49.2645,0,0,0.00386914,0.145762,0.00068895,0,0,0,0,0,1,0,0,explore,-1,-1,0,0,0,0,0,NAVIGATE,-1,-1,0.137062,coverage_map,0,-1,1,-1,0,95,1,0,0,3,1,0,,-1,1,3
5,330.000000,384443,344056,49.6473,0,0,0.0038502,0.145706,0.000686287,0,0,0,0,0,1,0,0,explore,-1,-1,0,0,0,0,0,NAVIGATE,-1,-1,0.137062,coverage_map,0,-1,1,-1,0,95,1,0,0,3,1,0,,-1,1,3
5,335.000000,384772,344451,50.0286,0,0,0.00385488,0.14577,0.000688377,0,0,0,0,0,1,0,0,explore,-1,-1,0,0,0,0,0,NAVIGATE,-1,-1,0.13618,coverage_map,0,-1,1,-1,0,95,1,0,0,3,1,0,,-1,1,3
5,340.000000,385054,344901,50.5003,0,0,0.00383776,0.145902,0.000685638,0,0,0,0,0,1,0,0,explore,-1,-1,0,0,0,0,0,NAVIGATE,-1,-1,0.133535,coverage_map,0,-1,1,-1,0,95,1,0,0,3,1,0,,-1,1,3
5,345.000000,385235,345120,51.0162,0,0,0.00382118,0.145943,0.000683389,0,0,0,0,0,1,0,0,explore,-1,-1,0,0,0,0,0,NAVIGATE,-1,-1,0.133157,coverage_map,0,-1,1,-1,0,95,1,0,0,3,1,0,,-1,1,3
5,350.000000,385411,345050,51.2906,0,0,0.00377799,0.145431,0.000671964,0,0,0,0,0,1,0,0,explore,-1,-1,0,0,0,0,0,NAVIGATE,-1,-1,0.13259,coverage_map,0,-1,1,-1,0,95,1,0,0,3,1,0,,-1,1,3
5,355.000000,385443,344948,51.4359,0,0,0.00376143,0.145191,0.00066914,0,0,0,0,0,1,0,0,explore,-1,-1,0,0,0,0,0,NAVIGATE,-1,-1,0.132401,coverage_map,0,-1,1,-1,0,95,1,0,0,3,1,0,,-1,1,3
5,360.000000,385462,344908,52.0404,0,0,0.00374199,0.14509,0.000666166,0,0,0,0,0,1,0,0,explore,-1,-1,0,0,0,0,0,NAVIGATE,-1,-1,0.132401,coverage_map,0,-1,1,-1,0,95,1,0,0,3,1,0,,-1,1,3
5,365.000000,385487,345015,52.3599,0,0,0.00372533,0.1452,0.000663901,0,0,0,0,0,1,0,0,explore,-1,-1,0,0,0,0,0,NAVIGATE,-1,-1,0.132401,coverage_map,0,-1,1,-1,0,95,1,0,0,3,1,0,,-1,1,3
5,370.000000,385565,345137,53.0119,0,0,0.00368495,0.145306,0.000655567,0,0,0,0,0,1,0,0,explore,-1,-1,0,0,0,0,0,NAVIGATE,-1,-1,0.132023,coverage_map,0,-1,1,-1,0,95,1,0,0,3,1,0,,-1,1,3
5,375.000000,385814,345542,54.9644,0,0,0.00363768,0.145235,0.000644875,0,0,0,0,0,1,0,0,explore,-1,-1,0,0,0,0,0,NAVIGATE,-1,-1,0.13133,coverage_map,0,-1,1,-1,0,95,1,0,0,3,1,0,,-1,1,3
5,377.300000,385814,345542,55.1224,5618.04,600,0.00363768,0.145235,0.000644875,13499.6,21.2846,17158.9,9.22843,5618.04,1,1,0,explore,-1,-1,0,0,0,0,0,LOG_STEP,-1,-1,0.13133,coverage_map,2214.11,-1,1,-1,0,95,1,0,0,3,1,0,,-1,1,3
6,380.000000,385848,345522,55.3276,0,0,0.00361198,0.145149,0.000640666,0,0,0,0,0,1,0,0,explore,-1,-1,0,0,0,0,0,NAVIGATE,-1,-1,0.13133,coverage_map,0,-1,1,-1,0,96,2,0,0,0,1,0,,-1,1,0
6,385.000000,386548,346173,57.3628,0,0,0.00363528,0.145271,0.000647002,0,0,0,0,0,1,0,0,explore,-1,-1,0,0,0,0,0,NAVIGATE,-1,-1,0.130763,coverage_map,0,-1,1,-1,0,96,2,0,0,0,1,0,,-1,1,0
6,390.000000,386707,346275,59.6052,0,0,0.00362239,0.14523,0.000645849,0,0,0,0,0,1,0,0,explore,-1,-1,0,0,0,0,0,NAVIGATE,-1,-1,0.130763,coverage_map,0,-1,1,-1,0,96,2,0,0,0,1,0,,-1,1,0
6,394.500000,386707,346275,60.7854,6598.82,700,0.00362239,0.14523,0.000645849,13665,19.6298,16771.6,6.3598,6598.82,1,1,0,explore,-1,-1,0,0,0,0,0,LOG_STEP,-1,-1,0.130763,coverage_map,2157.93,-1,1,-1,0,96,2,0,0,0,1,0,,-1,1,0
7,395.200000,387360,346915,60.7864,0,0,0.00361824,0.145069,0.000645213,0,0,0,0,0,1,0,0,explore,-1,-1,0,0,0,0,0,NAVIGATE,-1,-1,0.130763,coverage_map,0,-1,1,-1,0,96,1,0,0,3,0,0,,-1,1,3
7,400.000000,388942,348443,62.642,0,0,0.00361161,0.144914,0.000642686,0,0,0,0,0,1,0,0,explore,-1,-1,0,0,0,0,0,NAVIGATE,-1,-1,0.130763,coverage_map,0,-1,1,-1,0,96,1,0,0,3,0,0,,-1,1,3
7,405.000000,392614,352018,64.7558,0,0,0.00369695,0.145096,0.000663596,0,0,0,0,0,1,0,0,explore,-1,-1,0,0,0,0,0,NAVIGATE,-1,-1,0.124024,coverage_map,0,-1,1,-1,0,96,1,0,0,3,0,0,,-1,1,3
7,410.000000,395513,354753,66.4767,0,0,0.00363462,0.144711,0.000648214,0,0,0,0,0,1,0,0,explore,-1,-1,0,0,0,0,0,NAVIGATE,-1,-1,0.115457,coverage_map,0,-1,1,-1,0,96,1,0,0,3,0,0,,-1,1,3
7,415.000000,395986,355007,67.9052,0,0,0.00350669,0.144059,0.000621998,0,0,0,0,0,1,0,0,explore,-1,-1,0,0,0,0,0,NAVIGATE,-1,-1,0.113883,coverage_map,0,-1,1,-1,0,96,1,0,0,3,0,0,,-1,1,3
7,417.900000,395986,355007,68.3764,6282.3,600,0.00350669,0.144059,0.000621998,13646,19.2984,17151.8,7.35391,6282.3,1,0,0,explore,-1,-1,0,0,0,0,0,LOG_STEP,-1,-1,0.11382,coverage_map,2168.63,-1,1,-1,0,96,1,0,0,3,0,0,,-1,1,3
8,420.000000,396686,355452,68.3997,0,0,0.0034683,0.143949,0.00061665,0,0,0,0,0,1,0,0,explore,-1,-1,0,0,0,0,0,NAVIGATE,-1,-1,0.113631,coverage_map,0,-1,1,-1,0,97,1,0,0,3,0,0,,-1,1,3
8,425.000000,397815,356513,69.3303,0,0,0.00342591,0.143635,0.000606477,0,0,0,0,0,1,0,0,explore,-1,-1,0,0,0,0,0,NAVIGATE,-1,-1,0.112497,coverage_map,0,-1,1,-1,0,97,1,0,0,3,0,0,,-1,1,3
8,430.000000,400676,359191,71.4542,0,0,0.00351528,0.143814,0.000629452,0,0,0,0,0,1,0,0,explore,-1,-1,0,0,0,0,0,NAVIGATE,-1,-1,0.109662,coverage_map,0,-1,1,-1,0,97,1,0,0,3,0,0,,-1,1,3
8,435.000000,402791,361175,73.4267,0,0,0.00339642,0.142921,0.00059911,0,0,0,0,0,1,0,0,explore,-1,-1,0,0,0,0,0,NAVIGATE,-1,-1,0.108466,coverage_map,0,-1,1,-1,0,97,1,0,0,3,0,0,,-1,1,3
8,440.000000,404586,362834,74.7204,0,0,0.00333193,0.142305,0.000584429,0,0,0,0,0,1,0,0,explore,-1,-1,0,0,0,0,0,NAVIGATE,-1,-1,0.107017,coverage_map,0,-1,1,-1,0,97,1,0,0,3,0,0,,-1,1,3
8,445.000000,406836,364942,75.3424,0,0,0.00333629,0.14191,0.000587731,0,0,0,0,0,1,0,0,explore,-1,-1,0,0,0,0,0,NAVIGATE,-1,-1,0.106891,coverage_map,0,-1,1,-1,0,97,1,0,0,3,0,0,,-1,1,3
8,450.000000,409165,367126,76.572,0,0,0.00323453,0.140952,0.000558421,0,0,0,0,0,1,0,0,explore,-1,-1,0,0,0,0,0,INTEGRATE,-1,-1,0.106198,coverage_map,0,-1,1,-1,0,97,1,0,0,3,0,0,,-1,1,3
8,450.700000,409165,367126,76.6088,6260.63,700,0.00323453,0.140952,0.000558421,13563.5,21.0192,17092.7,7.35391,6260.63,1,0,0,explore,-1,-1,0,0,0,0,0,LOG_STEP,-1,-1,0.106198,coverage_map,2305.73,-1,1,-1,0,97,1,0,0,3,0,0,,-1,1,3
9,455.000000,410066,367948,76.7772,0,0,0.00319704,0.140451,0.000554158,0,0,0,0,0,1,0,0,explore,-1,-1,0,0,0,0,0,NAVIGATE,-1,-1,0.103993,coverage_map,0,-1,1,-1,0,97,1,0,0,2,0,0,,-1,1,2
9,460.000000,411236,369065,77.9291,0,0,0.00314099,0.140081,0.000541777,0,0,0,0,0,1,0,0,explore,-1,-1,0,0,0,0,0,NAVIGATE,-1,-1,0.102797,coverage_map,0,-1,1,-1,0,97,1,0,0,2,0,0,,-1,1,2
9,465.000000,411879,369674,80.0852,0,0,0.00310386,0.139897,0.000533775,0,0,0,0,0,1,0,0,explore,-1,-1,0,0,0,0,0,NAVIGATE,-1,-1,0.102797,coverage_map,0,-1,1,-1,0,97,1,0,0,2,0,0,,-1,1,2
9,470.000000,412565,370455,82.2445,0,0,0.00307072,0.139821,0.000525963,0,0,0,0,0,1,0,0,explore,-1,-1,0,0,0,0,0,NAVIGATE,-1,-1,0.10223,coverage_map,0,-1,1,-1,0,97,1,0,0,2,0,0,,-1,1,2
9,475.000000,413730,371767,83.7392,0,0,0.00306398,0.139988,0.000524351,0,0,0,0,0,1,0,0,explore,-1,-1,0,0,0,0,0,INTEGRATE,-1,-1,0.0997103,coverage_map,0,-1,1,-1,0,97,1,0,0,2,0,0,,-1,1,2
9,475.300000,413730,371767,83.7395,6117.63,600,0.00306398,0.139988,0.000524351,13490.8,21.3373,16515.6,7.18822,6117.63,1,0,0,explore,-1,-1,0,0,0,0,0,LOG_STEP,-1,-1,0.0983875,coverage_map,2278.86,-1,1,-1,0,97,1,0,0,2,0,0,,-1,1,2
10,480.000000,415233,373308,83.7442,0,0,0.00303625,0.13985,0.000516819,0,0,0,0,0,1,0,0,explore,-1,-1,0,0,0,0,0,DONE,-1,-1,0.0939783,coverage_map,0,-1,1,-1,0,97,1,0,0,2,0,0,,-1,1,2
10,485.000000,415554,373720,83.9246,0,0,0.00299752,0.139167,0.00051037,0,0,0,0,0,1,0,0,exploit,-1,-1,0,0,0,0,0,NAVIGATE,-1,-1,0.0937264,coverage_map,0,-1,1,-1,0,97,1,0,0,2,0,0,,-1,1,2
10,490.000000,416504,374608,85.7707,0,0,0.00302863,0.139466,0.000518826,0,0,0,0,0,1,0,0,exploit,-1,-1,0,0,0,0,0,NAVIGATE,-1,-1,0.0871126,coverage_map,0,-1,1,-1,0,97,1,0,0,2,0,0,,-1,1,2
10,495.000000,416703,374858,88.0005,0,0,0.00300854,0.139431,0.000515012,0,0,0,0,0,1,0,0,exploit,-1,-1,0,0,0,0,0,NAVIGATE,-1,-1,0.0861678,coverage_map,0,-1,1,-1,0,97,1,0,0,2,0,0,,-1,1,2
10,500.000000,416777,374963,90.0906,0,0,0.0030008,0.139508,0.000513943,0,0,0,0,0,1,0,0,exploit,-1,-1,0,0,0,0,0,NAVIGATE,-1,-1,0.0861678,coverage_map,0,-1,1,-1,0,97,1,0,0,2,0,0,,-1,1,2
10,505.000000,416838,375153,92.2535,0,0,0.00299212,0.139537,0.000512418,0,0,0,0,0,1,0,0,exploit,-1,-1,0,0,0,0,0,NAVIGATE,-1,-1,0.0861678,coverage_map,0,-1,1,-1,0,97,1,0,0,2,0,0,,-1,1,2
10,510.000000,416916,375306,94.4189,0,0,0.0029802,0.139496,0.000510483,0,0,0,0,0,1,0,0,exploit,-1,-1,0,0,0,0,0,NAVIGATE,-1,-1,0.0861678,coverage_map,0,-1,1,-1,0,97,1,0,0,2,0,0,,-1,1,2
10,515.000000,417004,375471,96.1393,0,0,0.00296923,0.139237,0.000509141,0,0,0,0,0,1,0,0,exploit,-1,-1,0,0,0,0,0,EXPLOIT_DWELL,-1,-1,0.0861678,coverage_map,0,-1,1,-1,0,97,1,0,0,2,0,0,,-1,1,2
10,520.000000,417008,375546,96.1443,0,0,0.00296249,0.138832,0.000508396,0,0,0,0,0,1,0,0,exploit,-1,-1,0,0,0,0,0,EXPLOIT_DWELL,-1,-1,0.0861678,coverage_map,0,-1,1,-1,0,97,1,0,0,2,0,0,,-1,1,2
10,525.000000,417012,375709,96.1492,0,0,0.0029578,0.138228,0.000507796,0,0,0,0,0,1,0,0,exploit,-1,-1,0,0,0,0,0,EXPLOIT_DWELL,-1,-1,0.0861678,coverage_map,0,-1,1,-1,0,97,1,0,0,2,0,0,,-1,1,2
10,526.600000,417012,375808,96.1508,0,0,0.00295694,0.137918,0.000507676,0,13.3823,0,13.3823,0,1,1,0,exploit,1,1,3,1,8,0,0,LOG_STEP,-1,-1,0.0861678,coverage_map,0,-1,1,-1,0,97,1,0,0,2,0,0,,-1,1,2
11,530.000000,417045,375956,96.9467,0,0,0.00295762,0.137519,0.000507904,0,0,0,0,0,1,0,0,exploit,-1,-1,0,0,0,0,0,NAVIGATE,-1,-1,0.0861678,coverage_map,0,-1,1,-1,0,97,1,0,0,2,0,0,,-1,1,2
11,535.000000,417053,375991,99.1742,0,0,0.00295496,0.137236,0.000507474,0,0,0,0,0,1,0,0,exploit,-1,-1,0,0,0,0,0,NAVIGATE,-1,-1,0.0861678,coverage_map,0,-1,1,-1,0,97,1,0,0,2,0,0,,-1,1,2
11,540.000000,417107,376081,101.548,0,0,0.00295291,0.136928,0.000507081,0,0,0,0,0,1,0,0,exploit,-1,-1,0,0,0,0,0,NAVIGATE,-1,-1,0.0861678,coverage_map,0,-1,1,-1,0,97,1,0,0,2,0,0,,-1,1,2
11,545.000000,417465,376404,102.976,0,0,0.00295992,0.13676,0.000509634,0,0,0,0,0,1,0,0,exploit,-1,-1,0,0,0,0,0,NAVIGATE,-1,-1,0.0861678,coverage_map,0,-1,1,-1,0,97,1,0,0,2,0,0,,-1,1,2
11,550.000000,417568,376507,103.278,0,0,0.00294131,0.136507,0.000505804,0,0,0,0,0,1,0,0,exploit,-1,-1,0,0,0,0,0,EXPLOIT_DWELL,-1,-1,0.0858529,coverage_map,0,-1,1,-1,0,97,1,0,0,2,0,0,,-1,1,2
11,555.000000,417574,376605,103.283,0,0,0.0029318,0.136163,0.000504295,0,0,0,0,0,1,0,0,exploit,-1,-1,0,0,0,0,0,EXPLOIT_DWELL,-1,-1,0.0857899,coverage_map,0,-1,1,-1,0,97,1,0,0,2,0,0,,-1,1,2
11,557.300000,417574,376681,103.285,0,0,0.00292879,0.135852,0.00050373,0,7.32548,0,7.32548,0,1,0,0,exploit,1,2,3,1,8,0,0,LOG_STEP,-1,-1,0.0857899,coverage_map,0,-1,1,-1,0,97,1,0,0,2,0,0,,-1,1,2
12,560.000000,417594,376723,104.015,0,0,0.00292946,0.135678,0.000504069,0,0,0,0,0,1,0,0,exploit,-1,-1,0,0,0,0,0,NAVIGATE,-1,-1,0.0856009,coverage_map,0,-1,1,-1,0,97,1,0,0,2,0,0,,-1,1,2
12,565.000000,417651,376786,106.051,0,0,0.00291933,0.135883,0.000502089,0,0,0,0,0,1,0,0,exploit,-1,-1,0,0,0,0,0,NAVIGATE,-1,-1,0.0856009,coverage_map,0,-1,1,-1,0,97,1,0,0,2,0,0,,-1,1,2
12,570.000000,417728,376875,108.013,0,0,0.00290991,0.136086,0.000500485,0,0,0,0,0,1,0,0,exploit,-1,-1,0,0,0,0,0,NAVIGATE,-1,-1,0.0856009,coverage_map,0,-1,1,-1,0,97,1,0,0,2,0,0,,-1,1,2
12,575.000000,417836,376923,109.525,0,0,0.00290306,0.136266,0.000499522,0,0,0,0,0,1,0,0,exploit,-1,-1,0,0,0,0,0,NAVIGATE,-1,-1,0.0856009,coverage_map,0,-1,1,-1,0,97,1,0,0,2,0,0,,-1,1,2
12,580.000000,418152,377195,111.765,0,0,0.00290353,0.136398,0.000499615,0,0,0,0,0,1,0,0,exploit,-1,-1,0,0,0,0,0,NAVIGATE,-1,-1,0.0855379,coverage_map,0,-1,1,-1,0,97,1,0,0,2,0,0,,-1,1,2
12,585.000000,418689,377633,113.816,0,0,0.00287317,0.136198,0.000493109,0,0,0,0,0,1,0,0,exploit,-1,-1,0,0,0,0,0,NAVIGATE,-1,-1,0.0855379,coverage_map,0,-1,1,-1,0,97,1,0,0,2,0,0,,-1,1,2
12,590.000000,418771,377665,115.851,0,0,0.00284789,0.135935,0.000489355,0,0,0,0,0,1,0,0,exploit,-1,-1,0,0,0,0,0,NAVIGATE,-1,-1,0.0855379,coverage_map,0,-1,1,-1,0,97,1,0,0,2,0,0,,-1,1,2
12,595.000000,418963,377925,118.062,0,0,0.00284077,0.135622,0.000488434,0,0,0,0,0,1,0,0,exploit,-1,-1,0,0,0,0,0,NAVIGATE,-1,-1,0.0855379,coverage_map,0,-1,1,-1,0,97,1,0,0,2,0,0,,-1,1,2
12,600.000000,419399,378431,120.269,0,0,0.00283219,0.135385,0.00048715,0,0,0,0,0,1,0,0,exploit,-1,-1,0,0,0,0,0,NAVIGATE,-1,-1,0.085286,coverage_map,0,-1,1,-1,0,97,1,0,0,2,0,0,,-1,1,2
12,605.000000,420681,379751,122.481,0,0,0.00282562,0.135249,0.000484443,0,0,0,0,0,1,0,0,exploit,-1,-1,0,0,0,0,0,NAVIGATE,-1,-1,0.0824515,coverage_map,0,-1,1,-1,0,97,1,0,0,2,0,0,,-1,1,2
12,610.000000,422299,381354,124.908,0,0,0.00280385,0.135245,0.000479833,0,0,0,0,0,1,0,0,exploit,-1,-1,0,0,0,0,0,NAVIGATE,-1,-1,0.0767826,coverage_map,0,-1,1,-1,0,97,1,0,0,2,0,0,,-1,1,2
12,615.000000,423867,382951,125.596,0,0,0.0027783,0.135039,0.000474539,0,0,0,0,0,1,0,0,exploit,-1,-1,0,0,0,0,0,NAVIGATE,-1,-1,0.0701688,coverage_map,0,-1,1,-1,0,97,1,0,0,2,0,0,,-1,1,2
12,620.000000,423984,383115,125.654,0,0,0.00274006,0.134406,0.000466974,0,0,0,0,0,1,0,0,exploit,-1,-1,0,0,0,0,0,NAVIGATE,-1,-1,0.0699169,coverage_map,0,-1,1,-1,0,97,1,0,0,2,0,0,,-1,1,2
12,625.000000,425183,384331,125.722,0,0,0.00278775,0.134494,0.000478195,0,0,0,0,0,1,0,0,exploit,-1,-1,0,0,0,0,0,NAVIGATE,-1,-1,0.0546737,coverage_map,0,-1,1,-1,0,97,1,0,0,2,0,0,,-1,1,2
12,628.600000,425183,384331,125.731,0,0,0.00278775,0.134494,0.000478195,0,22.1255,0,22.1255,0,1,1,0,exploit,2,0,3,0,0,0,0,LOG_STEP,-1,-1,0.047682,coverage_map,0,-1,1,-1,0,97,1,0,0,2,0,0,,-1,1,2
13,630.000000,425782,385029,125.96,0,0,0.00278453,0.134352,0.000476568,0,0,0,0,0,1,0,0,exploit,-1,-1,0,0,0,0,0,NAVIGATE,-1,-1,0.047682,coverage_map,0,-1,1,-1,0,97,1,0,0,2,0,0,,-1,1,2
13,635.000000,426019,385278,128.214,0,0,0.00276154,0.13423,0.000471929,0,0,0,0,0,1,0,0,exploit,-1,-1,0,0,0,0,0,NAVIGATE,-1,-1,0.047682,coverage_map,0,-1,1,-1,0,97,1,0,0,2,0,0,,-1,1,2
13,640.000000,426288,385607,130.224,0,0,0.00274059,0.134163,0.000468184,0,0,0,0,0,1,0,0,exploit,-1,-1,0,0,0,0,0,NAVIGATE,-1,-1,0.0475561,coverage_map,0,-1,1,-1,0,97,1,0,0,2,0,0,,-1,1,2
13,645.000000,426600,385970,132.233,0,0,0.00273647,0.134219,0.000467716,0,0,0,0,0,1,0,0,exploit,-1,-1,0,0,0,0,0,NAVIGATE,-1,-1,0.0475561,coverage_map,0,-1,1,-1,0,97,1,0,0,2,0,0,,-1,1,2
13,650.000000,426805,386244,132.526,0,0,0.00271692,0.134028,0.000463436,0,0,0,0,0,1,0,0,exploit,-1,-1,0,0,0,0,0,NAVIGATE,-1,-1,0.0473671,coverage_map,0,-1,1,-1,0,97,1,0,0,2,0,0,,-1,1,2
13,655.000000,426918,386459,132.589,0,0,0.00270881,0.133727,0.000462424,0,0,0,0,0,1,0,0,exploit,-1,-1,0,0,0,0,0,NAVIGATE,-1,-1,0.0466742,coverage_map,0,-1,1,-1,0,97,1,0,0,2,0,0,,-1,1,2
13,660.000000,426950,386595,132.685,0,0,0.00270424,0.133567,0.000461856,0,0,0,0,0,1,0,0,exploit,-1,-1,0,0,0,0,0,NAVIGATE,-1,-1,0.0466742,coverage_map,0,-1,1,-1,0,97,1,0,0,2,0,0,,-1,1,2
13,662.200000,426950,386595,132.694,0,0,0.00270424,0.133567,0.000461856,0,7.22843,0,7.22843,0,1,1,0,exploit,2,1,3,0,0,0,0,LOG_STEP,-1,-1,0.0466742,coverage_map,0,-1,1,-1,0,97,1,0,0,2,0,0,,-1,1,2
14,665.000000,426952,386635,132.697,0,0,0.00270045,0.133279,0.000460924,0,0,0,0,0,1,0,0,exploit,-1,-1,0,0,0,0,0,EXPLOIT_PLAN,-1,-1,0.0466742,coverage_map,0,-1,1,-1,0,97,1,0,0,2,0,0,,-1,1,2
14,670.000000,426952,386690,132.702,0,0,0.00269929,0.13282,0.000460686,0,0,0,0,0,1,0,0,exploit,-1,-1,0,0,0,0,0,EXPLOIT_PLAN,-1,-1,0.0466742,coverage_map,0,-1,1,-1,0,97,1,0,0,2,0,0,,-1,1,2
14,675.000000,426952,386760,132.707,0,0,0.00269874,0.132363,0.000460508,0,0,0,0,0,1,0,0,exploit,-1,-1,0,0,0,0,0,EXPLOIT_PLAN,-1,-1,0.0466742,coverage_map,0,-1,1,-1,0,97,1,0,0,2,0,0,,-1,1,2
14,680.000000,427002,386861,132.713,0,0,0.00269715,0.13246,0.000460258,0,0,0,0,0,1,0,0,exploit,-1,-1,0,0,0,0,0,EXPLOIT_PLAN,-1,-1,0.0466742,coverage_map,0,-1,1,-1,0,97,1,0,0,2,0,0,,-1,1,2
14,685.000000,427023,386901,132.718,0,0,0.00269279,0.132576,0.00045965,0,0,0,0,0,1,0,0,exploit,-1,-1,0,0,0,0,0,EXPLOIT_PLAN,-1,-1,0.0466742,coverage_map,0,-1,1,-1,0,97,1,0,0,2,0,0,,-1,1,2
14,690.000000,427124,386946,132.723,0,0,0.00268949,0.132606,0.000459058,0,0,0,0,0,1,0,0,exploit,-1,-1,0,0,0,0,0,EXPLOIT_PLAN,-1,-1,0.0466742,coverage_map,0,-1,1,-1,0,97,1,0,0,2,0,0,,-1,1,2
14,695.000000,427447,387292,132.728,0,0,0.00268119,0.132584,0.000457018,0,0,0,0,0,1,0,0,exploit,-1,-1,0,0,0,0,0,EXPLOIT_PLAN,-1,-1,0.0466742,coverage_map,0,-1,1,-1,0,97,1,0,0,2,0,0,,-1,1,2
14,700.000000,427646,387486,132.734,0,0,0.00267678,0.132543,0.000456278,0,0,0,0,0,1,0,0,exploit,-1,-1,0,0,0,0,0,EXPLOIT_PLAN,-1,-1,0.0464223,coverage_map,0,-1,1,-1,0,97,1,0,0,2,0,0,,-1,1,2
14,705.000000,427663,387593,132.737,0,0,0.00265574,0.132332,0.000452163,0,0,0,0,0,1,0,0,exploit,-1,-1,0,0,0,0,0,EXPLOIT_PLAN,-1,-1,0.0464223,coverage_map,0,-1,1,-1,0,97,1,0,0,2,0,0,,-1,1,2
14,710.000000,427675,387688,132.737,0,0,0.00264766,0.132258,0.000450758,0,0,0,0,0,1,0,0,exploit,-1,-1,0,0,0,0,0,EXPLOIT_PLAN,-1,-1,0.0464223,coverage_map,0,-1,1,-1,0,97,1,0,0,2,0,0,,-1,1,2
14,715.000000,427709,387772,132.737,0,0,0.002641,0.132164,0.000449563,0,0,0,0,0,1,0,0,exploit,-1,-1,0,0,0,0,0,EXPLOIT_PLAN,-1,-1,0.0460443,coverage_map,0,-1,1,-1,0,97,1,0,0,2,0,0,,-1,1,2
14,720.000000,427724,387831,132.737,0,0,0.00263987,0.131997,0.000449647,0,0,0,0,0,1,0,0,exploit,-1,-1,0,0,0,0,0,EXPLOIT_PLAN,-1,-1,0.0460443,coverage_map,0,-1,1,-1,0,97,1,0,0,2,0,0,,-1,1,2
14,725.000000,427735,387820,132.737,0,0,0.00263725,0.131905,0.000449338,0,0,0,0,0,1,0,0,exploit,-1,-1,0,0,0,0,0,EXPLOIT_PLAN,-1,-1,0.0460443,coverage_map,0,-1,1,-1,0,97,1,0,0,2,0,0,,-1,1,2
14,730.000000,428018,388067,132.737,0,0,0.00264275,0.131916,0.000450456,0,0,0,0,0,1,0,0,exploit,-1,-1,0,0,0,0,0,EXPLOIT_PLAN,-1,-1,0.0460443,coverage_map,0,-1,1,-1,0,97,1,0,0,2,0,0,,-1,1,2
14,735.000000,428618,388677,132.737,0,0,0.00265436,0.131943,0.000452518,0,0,0,0,0,1,0,0,exploit,-1,-1,0,0,0,0,0,EXPLOIT_PLAN,-1,-1,0.0459814,coverage_map,0,-1,1,-1,0,97,1,0,0,2,0,0,,-1,1,2
14,740.000000,428869,388955,132.737,0,0,0.00263791,0.131766,0.000448934,0,0,0,0,0,1,0,0,exploit,-1,-1,0,0,0,0,0,EXPLOIT_PLAN,-1,-1,0.0459814,coverage_map,0,-1,1,-1,0,97,1,0,0,2,0,0,,-1,1,2
14,745.000000,429008,389105,132.737,0,0,0.00263797,0.131639,0.000449443,0,0,0,0,0,1,0,0,exploit,-1,-1,0,0,0,0,0,EXPLOIT_PLAN,-1,-1,0.0459814,coverage_map,0,-1,1,-1,0,97,1,0,0,2,0,0,,-1,1,2
14,750.000000,429027,389135,132.737,0,0,0.0026339,0.131417,0.000448906,0,0,0,0,0,1,0,0,exploit,-1,-1,0,0,0,0,0,EXPLOIT_PLAN,-1,-1,0.0459814,coverage_map,0,-1,1,-1,0,97,1,0,0,2,0,0,,-1,1,2
14,755.000000,429069,389165,132.737,0,0,0.00263257,0.131274,0.0004486,0,0,0,0,0,1,0,0,exploit,-1,-1,0,0,0,0,0,EXPLOIT_PLAN,-1,-1,0.0459814,coverage_map,0,-1,1,-1,0,97,1,0,0,2,0,0,,-1,1,2
14,760.000000,429118,389236,132.737,0,0,0.0026286,0.131134,0.000447855,0,0,0,0,0,1,0,0,exploit,-1,-1,0,0,0,0,0,EXPLOIT_PLAN,-1,-1,0.0459814,coverage_map,0,-1,1,-1,0,97,1,0,0,2,0,0,,-1,1,2
14,765.000000,429133,389266,132.737,0,0,0.00262524,0.130919,0.000447006,0,0,0,0,0,1,0,0,exploit,-1,-1,0,0,0,0,0,EXPLOIT_PLAN,-1,-1,0.0459814,coverage_map,0,-1,1,-1,0,97,1,0,0,2,0,0,,-1,1,2
14,770.000000,429200,389381,132.737,0,0,0.00262324,0.130917,0.000446928,0,0,0,0,0,1,0,0,exploit,-1,-1,0,0,0,0,0,EXPLOIT_PLAN,-1,-1,0.0458554,coverage_map,0,-1,1,-1,0,97,1,0,0,2,0,0,,-1,1,2
14,775.000000,429223,389459,132.737,0,0,0.00262098,0.130824,0.000446617,0,0,0,0,0,1,0,0,exploit,-1,-1,0,0,0,0,0,EXPLOIT_PLAN,-1,-1,0.0458554,coverage_map,0,-1,1,-1,0,97,1,0,0,2,0,0,,-1,1,2
14,780.000000,429306,389586,132.737,0,0,0.00261764,0.130785,0.000445825,0,0,0,0,0,1,0,0,exploit,-1,-1,0,0,0,0,0,EXPLOIT_PLAN,-1,-1,0.0458554,coverage_map,0,-1,1,-1,0,97,1,0,0,2,0,0,,-1,1,2
14,785.000000,429320,389682,132.737,0,0,0.00261581,0.130675,0.000445482,0,0,0,0,0,1,0,0,exploit,-1,-1,0,0,0,0,0,EXPLOIT_PLAN,-1,-1,0.0458554,coverage_map,0,-1,1,-1,0,97,1,0,0,2,0,0,,-1,1,2
14,790.000000,429336,389704,132.737,0,0,0.00261392,0.130525,0.000445185,0,0,0,0,0,1,0,0,exploit,-1,-1,0,0,0,0,0,EXPLOIT_PLAN,-1,-1,0.0458554,coverage_map,0,-1,1,-1,0,97,1,0,0,2,0,0,,-1,1,2
14,795.000000,429338,389689,132.737,0,0,0.00261265,0.130438,0.00044492,0,0,0,0,0,1,0,0,exploit,-1,-1,0,0,0,0,0,EXPLOIT_PLAN,-1,-1,0.0458554,coverage_map,0,-1,1,-1,0,97,1,0,0,2,0,0,,-1,1,2
14,800.000000,429346,389685,132.737,0,0,0.00261153,0.130337,0.000444756,0,0,0,0,0,1,0,0,exploit,-1,-1,0,0,0,0,0,EXPLOIT_PLAN,-1,-1,0.0458554,coverage_map,0,-1,1,-1,0,97,1,0,0,2,0,0,,-1,1,2
14,805.000000,429364,389673,132.737,0,0,0.00260776,0.130165,0.000443781,0,0,0,0,0,1,0,0,exploit,-1,-1,0,0,0,0,0,EXPLOIT_PLAN,-1,-1,0.0458554,coverage_map,0,-1,1,-1,0,97,1,0,0,2,0,0,,-1,1,2
14,810.000000,429375,389648,132.737,0,0,0.00260543,0.130024,0.0004433,0,0,0,0,0,1,0,0,exploit,-1,-1,0,0,0,0,0,EXPLOIT_PLAN,-1,-1,0.0458554,coverage_map,0,-1,1,-1,0,97,1,0,0,2,0,0,,-1,1,2
14,815.000000,429379,389638,132.737,0,0,0.00260401,0.129958,0.00044307,0,0,0,0,0,1,0,0,exploit,-1,-1,0,0,0,0,0,EXPLOIT_PLAN,-1,-1,0.0458554,coverage_map,0,-1,1,-1,0,97,1,0,0,2,0,0,,-1,1,2
14,820.000000,429380,389686,132.737,0,0,0.00260165,0.129978,0.000442456,0,0,0,0,0,1,0,0,exploit,-1,-1,0,0,0,0,0,EXPLOIT_PLAN,-1,-1,0.0458554,coverage_map,0,-1,1,-1,0,97,1,0,0,2,0,0,,-1,1,2
14,825.000000,429381,389687,132.737,0,0,0.00260082,0.129891,0.000442299,0,0,0,0,0,1,0,0,exploit,-1,-1,0,0,0,0,0,EXPLOIT_PLAN,-1,-1,0.0458554,coverage_map,0,-1,1,-1,0,97,1,0,0,2,0,0,,-1,1,2
14,830.000000,429382,389698,132.737,0,0,0.00260014,0.129794,0.000442118,0,0,0,0,0,1,0,0,exploit,-1,-1,0,0,0,0,0,EXPLOIT_PLAN,-1,-1,0.0458554,coverage_map,0,-1,1,-1,0,97,1,0,0,2,0,0,,-1,1,2
14,835.000000,429382,389689,132.737,0,0,0.00259771,0.129783,0.000441686,0,0,0,0,0,1,0,0,exploit,-1,-1,0,0,0,0,0,EXPLOIT_PLAN,-1,-1,0.0458554,coverage_map,0,-1,1,-1,0,97,1,0,0,2,0,0,,-1,1,2
14,840.000000,429384,389710,132.737,0,0,0.00259551,0.129802,0.000441345,0,0,0,0,0,1,0,0,exploit,-1,-1,0,0,0,0,0,EXPLOIT_PLAN,-1,-1,0.0458554,coverage_map,0,-1,1,-1,0,97,1,0,0,2,0,0,,-1,1,2
14,845.000000,429384,389655,132.737,0,0,0.00259524,0.129723,0.000441302,0,0,0,0,0,1,0,0,exploit,-1,-1,0,0,0,0,0,EXPLOIT_PLAN,-1,-1,0.0458554,coverage_map,0,-1,1,-1,0,97,1,0,0,2,0,0,,-1,1,2
14,850.000000,429384,389645,132.737,0,0,0.00259497,0.129611,0.000441227,0,0,0,0,0,1,0,0,exploit,-1,-1,0,0,0,0,0,EXPLOIT_PLAN,-1,-1,0.0458554,coverage_map,0,-1,1,-1,0,97,1,0,0,2,0,0,,-1,1,2
14,855.000000,429384,389652,132.737,0,0,0.00259495,0.129361,0.000441178,0,0,0,0,0,0,0,0,exploit,-1,-1,0,0,0,0,0,EXPLOIT_PLAN,-1,-1,0.0458554,coverage_map,0,-1,1,-1,0,97,1,0,0,2,0,0,,-1,0,2
14,860.000000,429384,389666,132.889,0,0,0.00259479,0.129086,0.000441096,0,0,0,0,0,0,0,0,exploit,-1,-1,0,0,0,0,0,NAVIGATE,-1,-1,0.0458554,coverage_map,0,-1,1,-1,0,97,1,0,0,2,0,0,,-1,0,2
14,865.000000,429386,389648,134.845,0,0,0.00259317,0.129331,0.000440817,0,0,0,0,0,0,0,0,exploit,-1,-1,0,0,0,0,0,NAVIGATE,-1,-1,0.0458554,coverage_map,0,-1,1,-1,0,97,1,0,0,2,0,0,,-1,0,2
14,870.000000,429395,389667,137.256,0,0,0.00259175,0.129637,0.000440683,0,0,0,0,0,0,0,0,exploit,-1,-1,0,0,0,0,0,NAVIGATE,-1,-1,0.0458554,coverage_map,0,-1,1,-1,0,97,1,0,0,2,0,0,,-1,0,2
14,875.000000,429404,389677,139.392,0,0,0.00258961,0.129793,0.000440401,0,0,0,0,0,0,0,0,exploit,-1,-1,0,0,0,0,0,NAVIGATE,-1,-1,0.0458554,coverage_map,0,-1,1,-1,0,97,1,0,0,2,0,0,,-1,0,2
14,880.000000,429408,389686,141.439,0,0,0.00258811,0.129941,0.000440155,0,0,0,0,0,0,0,0,exploit,-1,-1,0,0,0,0,0,NAVIGATE,-1,-1,0.0458554,coverage_map,0,-1,1,-1,0,97,1,0,0,2,0,0,,-1,0,2
14,885.000000,429424,389702,143.541,0,0,0.0025869,0.130062,0.00043983,0,0,0,0,0,0,0,0,exploit,-1,-1,0,0,0,0,0,NAVIGATE,-1,-1,0.0458554,coverage_map,0,-1,1,-1,0,97,1,0,0,2,0,0,,-1,0,2
14,890.000000,429439,389768,146.066,0,0,0.00258343,0.130127,0.000439256,0,0,0,0,0,0,0,0,exploit,-1,-1,0,0,0,0,0,NAVIGATE,-1,-1,0.0458554,coverage_map,0,-1,1,-1,0,97,1,0,0,2,0,0,,-1,0,2
14,895.000000,429459,389836,148.258,0,0,0.00258118,0.130157,0.000438974,0,0,0,0,0,0,0,0,exploit,-1,-1,0,0,0,0,0,NAVIGATE,-1,-1,0.0458554,coverage_map,0,-1,1,-1,0,97,1,0,0,2,0,0,,-1,0,2
14,900.000000,429461,389870,150.581,0,0,0.00258074,0.130153,0.000438908,0,0,0,0,0,0,0,0,exploit,-1,-1,0,0,0,0,0,NAVIGATE,-1,-1,0.0458554,coverage_map,0,-1,1,-1,0,97,1,0,0,2,0,0,,-1,0,2
14,905.000000,429469,389965,153.11,0,0,0.00258057,0.130035,0.00043905,0,0,0,0,0,0,0,0,exploit,-1,-1,0,0,0,0,0,NAVIGATE,-1,-1,0.0458554,coverage_map,0,-1,1,-1,0,97,1,0,0,2,0,0,,-1,0,2
14,910.000000,429585,390066,155.294,0,0,0.00257717,0.129923,0.000438112,0,0,0,0,0,0,0,0,exploit,-1,-1,0,0,0,0,0,NAVIGATE,-1,-1,0.0458554,coverage_map,0,-1,1,-1,0,97,1,0,0,2,0,0,,-1,0,2
14,915.000000,429604,390050,157.525,0,0,0.00257515,0.129835,0.00043826,0,0,0,0,0,0,0,0,exploit,-1,-1,0,0,0,0,0,NAVIGATE,-1,-1,0.0458554,coverage_map,0,-1,1,-1,0,97,1,0,0,2,0,0,,-1,0,2
14,920.000000,429667,390089,159.687,0,0,0.00256667,0.12972,0.000436501,0,0,0,0,0,0,0,0,exploit,-1,-1,0,0,0,0,0,NAVIGATE,-1,-1,0.0457924,coverage_map,0,-1,1,-1,0,97,1,0,0,2,0,0,,-1,0,2
14,925.000000,430166,390568,161.579,0,0,0.00254191,0.129525,0.000430274,0,0,0,0,0,0,0,0,exploit,-1,-1,0,0,0,0,0,NAVIGATE,-1,-1,0.0447846,coverage_map,0,-1,1,-1,0,97,1,0,0,2,0,0,,-1,0,2
14,930.000000,430439,390789,161.687,0,0,0.00252142,0.129317,0.000426816,0,0,0,0,0,0,0,0,exploit,-1,-1,0,0,0,0,0,EXPLOIT_DWELL,-1,-1,0.0439657,coverage_map,0,-1,1,-1,0,97,1,0,0,2,0,0,,-1,0,2
14,934.300000,430442,390777,161.692,0,0,0.00251501,0.129013,0.000426449,0,30.5539,0,30.5539,0,0,0,0,exploit,3,1,3,1,8,0,0,LOG_STEP,-1,-1,0.0439657,coverage_map,0,-1,1,-1,0,97,1,0,0,2,0,0,,-1,0,2
15,935.000000,430442,390777,161.709,0,0,0.00251501,0.129013,0.000426449,0,0,0,0,0,0,0,0,exploit,-1,-1,0,0,0,0,0,NAVIGATE,-1,-1,0.0439657,coverage_map,0,-1,1,-1,0,97,1,0,0,2,0,0,,-1,0,2
15,940.000000,430572,390955,163.499,0,0,0.00251126,0.128881,0.000426164,0,0,0,0,0,0,0,0,exploit,-1,-1,0,0,0,0,0,NAVIGATE,-1,-1,0.0436508,coverage_map,0,-1,1,-1,0,97,1,0,0,2,0,0,,-1,0,2
15,945.000000,430814,391169,165.625,0,0,0.00249114,0.128823,0.000421844,0,0,0,0,0,0,0,0,exploit,-1,-1,0,0,0,0,0,NAVIGATE,-1,-1,0.0433988,coverage_map,0,-1,1,-1,0,97,1,0,0,2,0,0,,-1,0,2
15,950.000000,431235,391530,167.939,0,0,0.00248648,0.128801,0.000421326,0,0,0,0,0,0,0,0,exploit,-1,-1,0,0,0,0,0,NAVIGATE,-1,-1,0.0433988,coverage_map,0,-1,1,-1,0,97,1,0,0,2,0,0,,-1,0,2
15,955.000000,431627,391908,168.557,0,0,0.00245701,0.128774,0.000415807,0,0,0,0,0,1,0,0,exploit,-1,-1,0,0,0,0,0,NAVIGATE,-1,-1,0.0433988,coverage_map,0,-1,1,-1,0,97,1,0,0,2,0,0,,-1,1,2
15,960.000000,431666,391984,168.604,0,0,0.00244463,0.129104,0.000414278,0,0,0,0,0,1,0,0,exploit,-1,-1,0,0,0,0,0,NAVIGATE,-1,-1,0.0433988,coverage_map,0,-1,1,-1,0,97,1,0,0,2,0,0,,-1,1,2
15,965.000000,431692,391998,168.636,0,0,0.00243614,0.129415,0.000413011,0,0,0,0,0,1,0,0,exploit,-1,-1,0,0,0,0,0,NAVIGATE,-1,-1,0.0433988,coverage_map,0,-1,1,-1,0,97,1,0,0,2,0,0,,-1,1,2
15,968.200000,431692,391998,168.672,0,0,0.00243614,0.129415,0.000413011,0,7.29706,0,7.29706,0,1,0,0,exploit,3,0,3,0,0,0,0,LOG_STEP,-1,-1,0.0433988,coverage_map,0,-1,1,-1,0,97,1,0,0,2,0,0,,-1,1,2
16,970.000000,431738,391993,168.718,0,0,0.00243427,0.129749,0.000413065,0,0,0,0,0,1,0,0,exploit,-1,-1,0,0,0,0,0,NAVIGATE,-1,-1,0.0433988,coverage_map,0,-1,1,-1,0,97,1,0,0,2,0,0,,-1,1,2
16,975.000000,431869,392117,170.327,0,0,0.00243107,0.13005,0.000412803,0,0,0,0,0,1,0,0,exploit,-1,-1,0,0,0,0,0,NAVIGATE,-1,-1,0.0433988,coverage_map,0,-1,1,-1,0,97,1,0,0,2,0,0,,-1,1,2
16,980.000000,432018,392236,172.359,0,0,0.00241848,0.130242,0.000409666,0,0,0,0,0,1,0,0,exploit,-1,-1,0,0,0,0,0,NAVIGATE,-1,-1,0.0433359,coverage_map,0,-1,1,-1,0,97,1,0,0,2,0,0,,-1,1,2
16,985.000000,432195,392459,174.498,0,0,0.002405,0.130297,0.000407209,0,0,0,0,0,1,0,0,exploit,-1,-1,0,0,0,0,0,NAVIGATE,-1,-1,0.0433359,coverage_map,0,-1,1,-1,0,97,1,0,0,2,0,0,,-1,1,2
16,990.000000,432351,392574,175.413,0,0,0.00238818,0.130205,0.000403566,0,0,0,0,0,1,0,0,exploit,-1,-1,0,0,0,0,0,NAVIGATE,-1,-1,0.0433359,coverage_map,0,-1,1,-1,0,97,1,0,0,2,0,0,,-1,1,2
16,995.000000,432507,392732,175.571,0,0,0.0023839,0.130268,0.000403181,0,0,0,0,0,1,0,0,exploit,-1,-1,0,0,0,0,0,EXPLOIT_DWELL,-1,-1,0.042454,coverage_map,0,-1,1,-1,0,97,1,0,0,2,0,0,,-1,1,2
16,1000.000000,432521,392763,175.576,0,0,0.00237963,0.130364,0.000402746,0,0,0,0,0,1,0,0,exploit,-1,-1,0,0,0,0,0,EXPLOIT_DWELL,-1,-1,0.042454,coverage_map,0,-1,1,-1,0,97,1,0,0,2,0,0,,-1,1,2
16,1005.000000,432529,392791,175.581,0,0,0.00237575,0.130369,0.000402262,0,0,0,0,0,1,0,0,exploit,-1,-1,0,0,0,0,0,EXPLOIT_DWELL,-1,-1,0.042454,coverage_map,0,-1,1,-1,0,97,1,0,0,2,0,0,,-1,1,2
16,1010.000000,432557,392784,175.586,0,0,0.00237226,0.130359,0.00040192,0,0,0,0,0,1,0,0,exploit,-1,-1,0,0,0,0,0,EXPLOIT_DWELL,-1,-1,0.042454,coverage_map,0,-1,1,-1,0,97,1,0,0,2,0,0,,-1,1,2
16,1015.000000,432586,392763,175.591,0,0,0.00237079,0.130398,0.000401827,0,0,0,0,0,1,0,0,exploit,-1,-1,0,0,0,0,0,EXPLOIT_DWELL,-1,-1,0.042454,coverage_map,0,-1,1,-1,0,97,1,0,0,2,0,0,,-1,1,2
16,1020.000000,432597,392781,175.597,0,0,0.00236929,0.130452,0.000401627,0,0,0,0,0,1,0,0,exploit,-1,-1,0,0,0,0,0,EXPLOIT_DWELL,-1,-1,0.042454,coverage_map,0,-1,1,-1,0,97,1,0,0,2,0,0,,-1,1,2
16,1025.000000,432599,392804,175.602,0,0,0.00236802,0.130513,0.000401413,0,0,0,0,0,1,0,0,exploit,-1,-1,0,0,0,0,0,EXPLOIT_DWELL,-1,-1,0.042454,coverage_map,0,-1,1,-1,0,97,1,0,0,2,0,0,,-1,1,2
16,1030.000000,432606,392802,175.607,0,0,0.0023666,0.130559,0.000401061,0,0,0,0,0,1,0,0,exploit,-1,-1,0,0,0,0,0,EXPLOIT_DWELL,-1,-1,0.042454,coverage_map,0,-1,1,-1,0,97,1,0,0,2,0,0,,-1,1,2
16,1035.000000,432613,392799,175.612,0,0,0.00236599,0.130598,0.000401114,0,0,0,0,0,1,0,0,exploit,-1,-1,0,0,0,0,0,EXPLOIT_DWELL,-1,-1,0.042454,coverage_map,0,-1,1,-1,0,97,1,0,0,2,0,0,,-1,1,2
16,1040.000000,432624,392762,175.616,0,0,0.00236217,0.130706,0.000400789,0,0,0,0,0,1,0,0,exploit,-1,-1,0,0,0,0,0,EXPLOIT_DWELL,-1,-1,0.042454,coverage_map,0,-1,1,-1,0,97,1,0,0,2,0,0,,-1,1,2
16,1045.000000,432734,392837,175.617,0,0,0.00235627,0.130783,0.00039998,0,0,0,0,0,1,0,0,exploit,-1,-1,0,0,0,0,0,EXPLOIT_DWELL,-1,-1,0.042454,coverage_map,0,-1,1,-1,0,97,1,0,0,2,0,0,,-1,1,2
16,1050.000000,433004,393106,175.617,0,0,0.00234562,0.130701,0.000397835,0,0,0,0,0,1,0,0,exploit,-1,-1,0,0,0,0,0,EXPLOIT_DWELL,-1,-1,0.042454,coverage_map,0,-1,1,-1,0,97,1,0,0,2,0,0,,-1,1,2
16,1055.000000,433205,393315,175.617,0,0,0.00233868,0.130616,0.000396419,0,0,0,0,0,1,0,0,exploit,-1,-1,0,0,0,0,0,EXPLOIT_DWELL,-1,-1,0.042454,coverage_map,0,-1,1,-1,0,97,1,0,0,2,0,0,,-1,1,2
16,1060.000000,433277,393377,175.617,0,0,0.00233695,0.130551,0.000396472,0,0,0,0,0,1,0,0,exploit,-1,-1,0,0,0,0,0,EXPLOIT_DWELL,-1,-1,0.042454,coverage_map,0,-1,1,-1,0,97,1,0,0,2,0,0,,-1,1,2
16,1065.000000,433301,393402,175.617,0,0,0.00233683,0.130478,0.000396774,0,0,0,0,0,1,0,0,exploit,-1,-1,0,0,0,0,0,EXPLOIT_DWELL,-1,-1,0.042454,coverage_map,0,-1,1,-1,0,97,1,0,0,2,0,0,,-1,1,2
16,1070.000000,433301,393449,175.617,0,0,0.00233533,0.130355,0.000396504,0,0,0,0,0,1,0,0,exploit,-1,-1,0,0,0,0,0,EXPLOIT_DWELL,-1,-1,0.042454,coverage_map,0,-1,1,-1,0,97,1,0,0,2,0,0,,-1,1,2
16,1075.000000,433302,393471,175.617,0,0,0.00233467,0.130181,0.000396444,0,0,0,0,0,1,0,0,exploit,-1,-1,0,0,0,0,0,EXPLOIT_DWELL,-1,-1,0.042454,coverage_map,0,-1,1,-1,0,97,1,0,0,2,0,0,,-1,1,2
16,1080.000000,433302,393497,175.617,0,0,0.00233372,0.130007,0.000396225,0,0,0,0,0,1,0,0,exploit,-1,-1,0,0,0,0,0,EXPLOIT_DWELL,-1,-1,0.042454,coverage_map,0,-1,1,-1,0,97,1,0,0,2,0,0,,-1,1,2
16,1081.300000,433302,393523,175.617,0,0,0.00233359,0.129898,0.0003962,0,7.1598,0,7.1598,0,1,0,0,exploit,3,2,3,1,8,0,0,LOG_STEP,-1,-1,0.042454,coverage_map,0,-1,1,-1,0,97,1,0,0,2,0,0,,-1,1,2
17,1085.000000,433302,393533,175.617,0,0,0.00233338,0.129756,0.000396143,0,0,0,0,0,1,0,0,explore,-1,-1,0,0,0,0,0,DONE,-1,-1,0.042454,coverage_map,0,-1,1,-1,0,97,1,0,0,2,0,0,,-1,1,2
17,1090.000000,433302,393545,175.617,0,0,0.00233318,0.129508,0.000396082,0,0,0,0,0,1,0,0,explore,-1,-1,0,0,0,0,0,DONE,-1,-1,0.042454,coverage_map,0,-1,1,-1,0,97,1,0,0,2,0,0,,-1,1,2
17,1095.000000,433302,393577,175.617,0,0,0.00233305,0.129276,0.00039603,0,0,0,0,0,1,0,0,explore,-1,-1,0,0,0,0,0,DONE,-1,-1,0.042454,coverage_map,0,-1,1,-1,0,97,1,0,0,2,0,0,,-1,1,2
17,1100.000000,433302,393583,175.617,0,0,0.00233289,0.129071,0.000395958,0,0,0,0,0,1,0,0,explore,-1,-1,0,0,0,0,0,DONE,-1,-1,0.042454,coverage_map,0,-1,1,-1,0,97,1,0,0,2,0,0,,-1,1,2
17,1105.000000,433302,393596,175.617,0,0,0.00233275,0.128895,0.000395911,0,0,0,0,0,1,0,0,explore,-1,-1,0,0,0,0,0,DONE,-1,-1,0.042454,coverage_map,0,-1,1,-1,0,97,1,0,0,2,0,0,,-1,1,2
17,1110.000000,433302,393603,175.617,0,0,0.00233267,0.128724,0.000395869,0,0,0,0,0,1,0,0,explore,-1,-1,0,0,0,0,0,DONE,-1,-1,0.042454,coverage_map,0,-1,1,-1,0,97,1,0,0,2,0,0,,-1,1,2
17,1115.000000,433302,393627,175.617,0,0,0.00233259,0.128582,0.000395836,0,0,0,0,0,1,0,0,explore,-1,-1,0,0,0,0,0,DONE,-1,-1,0.042454,coverage_map,0,-1,1,-1,0,97,1,0,0,2,0,0,,-1,1,2
