mount,orient,d_set_m,scan,d_m,px,py,lx,ly,lz,stamp,n_new,best_all,best_ns,best_rings,best_ring_list,near_n,near_rings,near_d_m,nearxy_n,nearxy_rings,nearxy_d_m,alarm_m3,alarm_m5,alarm_m10,alarm_m20,alarm_xy5,cand_m3,cand_m5,cand_m10,cand_m20,cand_xy5,best
lk0,toward,5.0,0,5.0,0.0,-64.986,0.0,-59.9855,0.8481,65.3,181,181,181,10,3 4 5 6 7 8 9 10 11 12,181,10,0.1,181,10,0.1,0,0,0,0,0,1,1,1,1,1,1
lk0,toward,5.0,1,5.0,0.0,-64.986,0.0,-59.9855,0.8481,65.4,181,181,181,10,3 4 5 6 7 8 9 10 11 12,181,10,0.106,181,10,0.106,1,1,1,1,1,1,1,1,1,1,1
lk0,toward,5.0,2,5.0,0.0,-64.986,0.0,-59.9855,0.8481,65.5,181,181,181,10,3 4 5 6 7 8 9 10 11 12,181,10,0.103,181,10,0.103,1,1,1,1,1,1,1,1,1,1,1
lk0,toward,5.0,3,5.0,0.0,-64.986,0.0,-59.9855,0.8481,65.6,181,181,181,10,3 4 5 6 7 8 9 10 11 12,181,10,0.103,181,10,0.103,1,1,1,1,1,1,1,1,1,1,1
lk0,toward,5.0,4,5.0,0.0,-64.986,0.0,-59.9855,0.8481,65.7,181,181,181,10,3 4 5 6 7 8 9 10 11 12,181,10,0.1,181,10,0.1,1,1,1,1,1,1,1,1,1,1,1
lk0,toward,5.0,5,5.0,0.0,-64.986,0.0,-59.9855,0.8481,65.8,181,181,181,10,3 4 5 6 7 8 9 10 11 12,181,10,0.103,181,10,0.103,1,1,1,1,1,1,1,1,1,1,1
lk0,toward,5.0,6,5.0,0.0,-64.986,0.0,-59.9855,0.8481,65.9,181,181,181,10,3 4 5 6 7 8 9 10 11 12,181,10,0.104,181,10,0.104,1,1,1,1,1,1,1,1,1,1,1
lk0,toward,5.0,7,5.0,0.0,-64.986,0.0,-59.9855,0.8481,66.0,181,181,181,10,3 4 5 6 7 8 9 10 11 12,181,10,0.102,181,10,0.102,1,1,1,1,1,1,1,1,1,1,1
lk0,toward,5.0,8,5.0,0.0,-64.986,0.0,-59.9855,0.8481,66.1,181,181,181,10,3 4 5 6 7 8 9 10 11 12,181,10,0.102,181,10,0.102,1,1,1,1,1,1,1,1,1,1,1
lk0,toward,5.0,9,5.0,0.0,-64.986,0.0,-59.9855,0.8481,66.2,181,181,181,10,3 4 5 6 7 8 9 10 11 12,181,10,0.104,181,10,0.104,1,1,1,1,1,1,1,1,1,1,1
lk0,toward,7.5,0,7.5,0.0,-67.486,0.0,-59.9855,0.8481,66.3,72,72,72,7,5 6 7 8 9 10 11,72,7,0.113,72,7,0.113,0,0,0,0,0,1,1,1,1,1,1
lk0,toward,7.5,1,7.5,0.0,-67.486,0.0,-59.9855,0.8481,66.4,72,72,72,7,5 6 7 8 9 10 11,72,7,0.107,72,7,0.107,1,1,1,1,1,1,1,1,1,1,1
lk0,toward,7.5,2,7.5,0.0,-67.486,0.0,-59.9855,0.8481,66.5,72,72,72,7,5 6 7 8 9 10 11,72,7,0.106,72,7,0.106,1,1,1,1,1,1,1,1,1,1,1
lk0,toward,7.5,3,7.5,0.0,-67.486,0.0,-59.9855,0.8481,66.6,72,72,72,7,5 6 7 8 9 10 11,72,7,0.107,72,7,0.107,1,1,1,1,1,1,1,1,1,1,1
lk0,toward,7.5,4,7.5,0.0,-67.486,0.0,-59.9855,0.8481,66.7,72,72,72,7,5 6 7 8 9 10 11,72,7,0.105,72,7,0.105,1,1,1,1,1,1,1,1,1,1,1
lk0,toward,7.5,5,7.5,0.0,-67.486,0.0,-59.9855,0.8481,66.8,72,72,72,7,5 6 7 8 9 10 11,72,7,0.106,72,7,0.106,1,1,1,1,1,1,1,1,1,1,1
lk0,toward,7.5,6,7.5,0.0,-67.486,0.0,-59.9855,0.8481,66.9,72,72,72,7,5 6 7 8 9 10 11,72,7,0.11,72,7,0.11,1,1,1,1,1,1,1,1,1,1,1
lk0,toward,7.5,7,7.5,0.0,-67.486,0.0,-59.9855,0.8481,67.0,72,72,72,7,5 6 7 8 9 10 11,72,7,0.103,72,7,0.103,1,1,1,1,1,1,1,1,1,1,1
lk0,toward,7.5,8,7.5,0.0,-67.486,0.0,-59.9855,0.8481,67.1,72,72,72,7,5 6 7 8 9 10 11,72,7,0.106,72,7,0.106,1,1,1,1,1,1,1,1,1,1,1
lk0,toward,7.5,9,7.5,0.0,-67.486,0.0,-59.9855,0.8481,67.2,72,72,72,7,5 6 7 8 9 10 11,72,7,0.107,72,7,0.107,1,1,1,1,1,1,1,1,1,1,1
lk0,toward,10.0,0,10.0,0.0,-69.986,0.0,-59.9855,0.8481,67.3,44,44,44,5,6 7 8 9 10,44,5,0.108,44,5,0.108,0,0,0,0,0,1,1,1,1,1,1
lk0,toward,10.0,1,10.0,0.0,-69.986,0.0,-59.9855,0.8481,67.4,44,44,44,5,6 7 8 9 10,44,5,0.11,44,5,0.11,1,1,1,1,1,1,1,1,1,1,1
lk0,toward,10.0,2,10.0,0.0,-69.986,0.0,-59.9855,0.8481,67.5,44,44,44,5,6 7 8 9 10,44,5,0.105,44,5,0.105,1,1,1,1,1,1,1,1,1,1,1
lk0,toward,10.0,3,10.0,0.0,-69.986,0.0,-59.9855,0.8481,67.6,44,44,44,5,6 7 8 9 10,44,5,0.11,44,5,0.11,1,1,1,1,1,1,1,1,1,1,1
lk0,toward,10.0,4,10.0,0.0,-69.986,0.0,-59.9855,0.8481,67.7,44,44,44,5,6 7 8 9 10,44,5,0.112,44,5,0.112,1,1,1,1,1,1,1,1,1,1,1
lk0,toward,10.0,5,10.0,0.0,-69.986,0.0,-59.9855,0.8481,67.8,44,44,44,5,6 7 8 9 10,44,5,0.108,44,5,0.108,1,1,1,1,1,1,1,1,1,1,1
lk0,toward,10.0,6,10.0,0.0,-69.986,0.0,-59.9855,0.8481,67.9,44,44,44,5,6 7 8 9 10,44,5,0.114,44,5,0.114,1,1,1,1,1,1,1,1,1,1,1
lk0,toward,10.0,7,10.0,0.0,-69.986,0.0,-59.9855,0.8481,68.0,44,44,44,5,6 7 8 9 10,44,5,0.109,44,5,0.109,1,1,1,1,1,1,1,1,1,1,1
lk0,toward,10.0,8,10.0,0.0,-69.986,0.0,-59.9855,0.8481,68.1,44,44,44,5,6 7 8 9 10,44,5,0.109,44,5,0.109,1,1,1,1,1,1,1,1,1,1,1
lk0,toward,10.0,9,10.0,0.0,-69.986,0.0,-59.9855,0.8481,68.2,44,44,44,5,6 7 8 9 10,44,5,0.112,44,5,0.112,1,1,1,1,1,1,1,1,1,1,1
lk0,toward,12.5,0,12.5,0.0,-72.486,0.0,-59.9855,0.8481,68.3,23,23,23,4,6 7 8 9,21,4,0.129,23,4,0.088,0,0,0,0,0,1,1,1,1,1,1
lk0,toward,12.5,1,12.5,0.0,-72.486,0.0,-59.9855,0.8481,68.4,23,23,23,4,6 7 8 9,21,4,0.116,23,4,0.078,1,1,1,1,1,1,1,1,1,1,1
lk0,toward,12.5,2,12.5,0.0,-72.486,0.0,-59.9855,0.8481,68.5,23,23,23,4,6 7 8 9,21,4,0.123,23,4,0.083,1,1,1,1,1,1,1,1,1,1,1
lk0,toward,12.5,3,12.5,0.0,-72.486,0.0,-59.9855,0.8481,68.6,23,23,23,4,6 7 8 9,21,4,0.127,23,4,0.087,1,1,1,1,1,1,1,1,1,1,1
lk0,toward,12.5,4,12.5,0.0,-72.486,0.0,-59.9855,0.8481,68.7,23,23,23,4,6 7 8 9,21,4,0.131,23,4,0.09,1,1,1,1,1,1,1,1,1,1,1
lk0,toward,12.5,5,12.5,0.0,-72.486,0.0,-59.9855,0.8481,68.8,23,23,23,4,6 7 8 9,21,4,0.131,23,4,0.091,1,1,1,1,1,1,1,1,1,1,1
lk0,toward,12.5,6,12.5,0.0,-72.486,0.0,-59.9855,0.8481,68.9,23,23,23,4,6 7 8 9,21,4,0.13,23,4,0.09,1,1,1,1,1,1,1,1,1,1,1
lk0,toward,12.5,7,12.5,0.0,-72.486,0.0,-59.9855,0.8481,69.0,23,23,23,4,6 7 8 9,21,4,0.125,23,4,0.085,1,1,1,1,1,1,1,1,1,1,1
lk0,toward,12.5,8,12.5,0.0,-72.486,0.0,-59.9855,0.8481,69.1,23,23,23,4,6 7 8 9,21,4,0.125,23,4,0.085,1,1,1,1,1,1,1,1,1,1,1
lk0,toward,12.5,9,12.5,0.0,-72.486,0.0,-59.9855,0.8481,69.2,23,23,23,4,6 7 8 9,21,4,0.132,23,4,0.091,1,1,1,1,1,1,1,1,1,1,1
lk0,toward,15.0,0,15.0,0.001,-74.986,0.0,-59.9855,0.8481,69.3,18,18,18,4,6 7 8 9,4,1,0.089,18,4,0.123,0,0,0,0,0,0,0,0,0,1,1
lk0,toward,15.0,1,15.0,0.001,-74.986,0.0,-59.9855,0.8481,69.4,18,18,18,4,6 7 8 9,4,1,0.088,18,4,0.123,0,0,0,0,1,0,0,0,0,1,1
lk0,toward,15.0,2,15.0,0.001,-74.986,0.0,-59.9855,0.8481,69.5,18,18,18,4,6 7 8 9,4,1,0.087,18,4,0.127,0,0,0,0,1,0,0,0,0,1,1
lk0,toward,15.0,3,15.0,0.001,-74.986,0.0,-59.9855,0.8481,69.6,18,18,18,4,6 7 8 9,4,1,0.094,18,4,0.128,0,0,0,0,1,0,0,0,0,1,1
lk0,toward,15.0,4,15.0,0.001,-74.986,0.0,-59.9855,0.8481,69.7,18,18,18,4,6 7 8 9,4,1,0.095,18,4,0.121,0,0,0,0,1,0,0,0,0,1,1
lk0,toward,15.0,5,15.0,0.001,-74.986,0.0,-59.9855,0.8481,69.8,18,18,18,4,6 7 8 9,4,1,0.084,18,4,0.123,0,0,0,0,1,0,0,0,0,1,1
lk0,toward,15.0,6,15.0,0.001,-74.986,0.0,-59.9855,0.8481,69.9,18,18,18,4,6 7 8 9,4,1,0.085,18,4,0.116,0,0,0,0,1,0,0,0,0,1,1
lk0,toward,15.0,7,15.0,0.001,-74.986,0.0,-59.9855,0.8481,70.0,18,18,18,4,6 7 8 9,4,1,0.096,18,4,0.122,0,0,0,0,1,0,0,0,0,1,1
lk0,toward,15.0,8,15.0,0.001,-74.986,0.0,-59.9855,0.8481,70.1,18,18,18,4,6 7 8 9,8,1,0.1,18,4,0.121,0,0,0,0,1,0,0,0,0,1,1
lk0,toward,15.0,9,15.0,0.001,-74.986,0.0,-59.9855,0.8481,70.2,18,18,18,4,6 7 8 9,4,1,0.089,18,4,0.118,0,0,0,0,1,0,0,0,0,1,1
lk0,toward,17.5,0,17.5,0.001,-77.486,0.0,-59.9855,0.8481,70.3,10,10,10,2,7 8,4,1,0.092,10,2,0.098,0,0,0,0,0,0,0,0,0,1,1
lk0,toward,17.5,1,17.5,0.001,-77.486,0.0,-59.9855,0.8481,70.4,10,10,10,2,7 8,6,1,0.118,10,2,0.121,0,0,0,0,1,0,0,0,0,1,1
lk0,toward,17.5,2,17.5,0.001,-77.486,0.0,-59.9855,0.8481,70.5,10,10,10,2,7 8,6,1,0.105,10,2,0.107,0,0,0,0,1,0,0,0,0,1,1
lk0,toward,17.5,3,17.5,0.001,-77.486,0.0,-59.9855,0.8481,70.6,10,10,10,2,7 8,6,1,0.104,10,2,0.11,0,0,0,0,1,0,0,0,0,1,1
lk0,toward,17.5,4,17.5,0.001,-77.486,0.0,-59.9855,0.8481,70.7,10,10,10,2,7 8,4,1,0.102,10,2,0.103,0,0,0,0,1,0,0,0,0,1,1
lk0,toward,17.5,5,17.5,0.001,-77.486,0.0,-59.9855,0.8481,70.8,10,10,10,2,7 8,4,1,0.089,10,2,0.099,0,0,0,0,1,0,0,0,0,1,1
lk0,toward,17.5,6,17.5,0.001,-77.486,0.0,-59.9855,0.8481,70.9,10,10,10,2,7 8,4,1,0.109,10,2,0.116,0,0,0,0,1,0,0,0,0,1,1
lk0,toward,17.5,7,17.5,0.001,-77.486,0.0,-59.9855,0.8481,71.0,10,10,10,2,7 8,6,1,0.104,10,2,0.105,0,0,0,0,1,0,0,0,0,1,1
lk0,toward,17.5,8,17.5,0.001,-77.486,0.0,-59.9855,0.8481,71.1,10,10,10,2,7 8,4,1,0.109,10,2,0.109,0,0,0,0,1,0,0,0,0,1,1
lk0,toward,17.5,9,17.5,0.001,-77.486,0.0,-59.9855,0.8481,71.2,10,10,10,2,7 8,4,1,0.093,10,2,0.104,0,0,0,0,1,0,0,0,0,1,1
lk0,toward,20.0,0,20.0,0.001,-79.986,0.0,-59.9855,0.8481,71.3,10,10,10,2,7 8,4,1,0.083,10,2,0.096,0,0,0,0,0,0,0,0,0,1,1
lk0,toward,20.0,1,20.0,0.001,-79.986,0.0,-59.9855,0.8481,71.4,10,10,10,2,7 8,4,1,0.093,10,2,0.098,0,0,0,0,1,0,0,0,0,1,1
lk0,toward,20.0,2,20.0,0.001,-79.986,0.0,-59.9855,0.8481,71.5,10,10,10,2,7 8,4,1,0.102,10,2,0.11,0,0,0,0,1,0,0,0,0,1,1
lk0,toward,20.0,3,20.0,0.001,-79.986,0.0,-59.9855,0.8481,71.6,10,10,10,2,7 8,4,1,0.084,10,2,0.099,0,0,0,0,1,0,0,0,0,1,1
lk0,toward,20.0,4,20.0,0.001,-79.986,0.0,-59.9855,0.8481,71.7,10,10,10,2,7 8,4,1,0.096,10,2,0.108,0,0,0,0,1,0,0,0,0,1,1
lk0,toward,20.0,5,20.0,0.001,-79.986,0.0,-59.9855,0.8481,71.8,10,10,10,2,7 8,6,1,0.094,10,2,0.099,0,0,0,0,1,0,0,0,0,1,1
lk0,toward,20.0,6,20.0,0.001,-79.986,0.0,-59.9855,0.8481,71.9,10,10,10,2,7 8,6,1,0.101,10,2,0.102,0,0,0,0,1,0,0,0,0,1,1
lk0,toward,20.0,7,20.0,0.001,-79.986,0.0,-59.9855,0.8481,72.0,10,10,10,2,7 8,4,1,0.078,10,2,0.092,0,0,0,0,1,0,0,0,0,1,1
lk0,toward,20.0,8,20.0,0.001,-79.986,0.0,-59.9855,0.8481,72.1,10,10,10,2,7 8,4,1,0.103,10,2,0.105,0,0,0,0,1,0,0,0,0,1,1
lk0,toward,20.0,9,20.0,0.001,-79.986,0.0,-59.9855,0.8481,72.2,10,10,10,2,7 8,6,1,0.102,10,2,0.107,0,0,0,0,1,0,0,0,0,1,1
lk0,toward,22.5,0,22.5,0.001,-82.486,0.0,-59.9855,0.8481,72.3,10,10,10,2,7 8,4,1,0.061,10,2,0.09,0,0,0,0,0,0,0,0,0,1,1
lk0,toward,22.5,1,22.5,0.001,-82.486,0.0,-59.9855,0.8481,72.4,10,10,10,2,7 8,4,1,0.074,10,2,0.097,0,0,0,0,1,0,0,0,0,1,1
lk0,toward,22.5,2,22.5,0.001,-82.486,0.0,-59.9855,0.8481,72.5,10,10,10,2,7 8,4,1,0.08,10,2,0.093,0,0,0,0,1,0,0,0,0,1,1
lk0,toward,22.5,3,22.5,0.001,-82.486,0.0,-59.9855,0.8481,72.6,10,10,10,2,7 8,4,1,0.059,10,2,0.087,0,0,0,0,1,0,0,0,0,1,1
lk0,toward,22.5,4,22.5,0.001,-82.486,0.0,-59.9855,0.8481,72.7,10,10,10,2,7 8,4,1,0.09,10,2,0.108,0,0,0,0,1,0,0,0,0,1,1
lk0,toward,22.5,5,22.5,0.001,-82.486,0.0,-59.9855,0.8481,72.8,10,10,10,2,7 8,4,1,0.073,10,2,0.09,0,0,0,0,1,0,0,0,0,1,1
lk0,toward,22.5,6,22.5,0.001,-82.486,0.0,-59.9855,0.8481,72.9,10,10,10,2,7 8,4,1,0.068,10,2,0.089,0,0,0,0,1,0,0,0,0,1,1
lk0,toward,22.5,7,22.5,0.001,-82.486,0.0,-59.9855,0.8481,73.0,10,10,10,2,7 8,4,1,0.063,10,2,0.087,0,0,0,0,1,0,0,0,0,1,1
lk0,toward,22.5,8,22.5,0.001,-82.486,0.0,-59.9855,0.8481,73.1,10,10,10,2,7 8,4,1,0.067,10,2,0.086,0,0,0,0,1,0,0,0,0,1,1
lk0,toward,22.5,9,22.5,0.001,-82.486,0.0,-59.9855,0.8481,73.2,10,10,10,2,7 8,4,1,0.067,10,2,0.093,0,0,0,0,1,0,0,0,0,1,1
lk0,toward,25.0,0,25.0,0.001,-84.986,0.0,-59.9855,0.8481,73.3,9,9,9,2,7 8,4,1,0.04,9,2,0.095,0,0,0,0,0,0,0,0,0,1,1
lk0,toward,25.0,1,25.0,0.001,-84.986,0.0,-59.9855,0.8481,73.4,9,9,9,2,7 8,4,1,0.032,9,2,0.083,0,0,0,0,1,0,0,0,0,1,1
lk0,toward,25.0,2,25.0,0.001,-84.986,0.0,-59.9855,0.8481,73.5,9,9,9,2,7 8,4,1,0.047,9,2,0.084,0,0,0,0,1,0,0,0,0,1,1
lk0,toward,25.0,3,25.0,0.001,-84.986,0.0,-59.9855,0.8481,73.6,9,9,9,2,7 8,4,1,0.051,9,2,0.084,0,0,0,0,1,0,0,0,0,1,1
lk0,toward,25.0,4,25.0,0.001,-84.986,0.0,-59.9855,0.8481,73.7,9,9,9,2,7 8,4,1,0.047,9,2,0.09,0,0,0,0,1,0,0,0,0,1,1
lk0,toward,25.0,5,25.0,0.001,-84.986,0.0,-59.9855,0.8481,73.8,9,9,9,2,7 8,4,1,0.05,9,2,0.082,0,0,0,0,1,0,0,0,0,1,1
lk0,toward,25.0,6,25.0,0.001,-84.986,0.0,-59.9855,0.8481,73.9,9,9,9,2,7 8,4,1,0.019,9,2,0.088,0,0,0,0,1,0,0,0,0,1,1
lk0,toward,25.0,7,25.0,0.001,-84.986,0.0,-59.9855,0.8481,74.0,9,9,9,2,7 8,4,1,0.038,9,2,0.082,0,0,0,0,1,0,0,0,0,1,1
lk0,toward,25.0,8,25.0,0.001,-84.986,0.0,-59.9855,0.8481,74.1,9,9,9,2,7 8,4,1,0.029,9,2,0.088,0,0,0,0,1,0,0,0,0,1,1
lk0,toward,25.0,9,25.0,0.001,-84.986,0.0,-59.9855,0.8481,74.2,9,9,9,2,7 8,4,1,0.06,9,2,0.097,0,0,0,0,1,0,0,0,0,1,1
lk0,toward,27.5,0,27.5,0.001,-87.486,0.0,-59.9855,0.8481,74.3,7,7,7,2,7 8,3,1,0.099,7,2,0.107,0,0,0,0,0,0,0,0,0,1,1
lk0,toward,27.5,1,27.5,0.001,-87.486,0.0,-59.9855,0.8481,74.4,7,7,7,2,7 8,3,1,0.075,7,2,0.086,0,0,0,0,1,0,0,0,0,1,1
lk0,toward,27.5,2,27.5,0.001,-87.486,0.0,-59.9855,0.8481,74.5,7,7,7,2,7 8,3,1,0.078,7,2,0.09,0,0,0,0,1,0,0,0,0,1,1
lk0,toward,27.5,3,27.5,0.001,-87.486,0.0,-59.9855,0.8481,74.6,7,7,7,2,7 8,4,1,0.099,7,2,0.097,0,0,0,0,1,0,0,0,0,1,1
lk0,toward,27.5,4,27.5,0.001,-87.486,0.0,-59.9855,0.8481,74.7,7,7,7,2,7 8,3,1,0.081,7,2,0.103,0,0,0,0,1,0,0,0,0,1,1
lk0,toward,27.5,5,27.5,0.001,-87.486,0.0,-59.9855,0.8481,74.8,7,7,7,2,7 8,3,1,0.079,7,2,0.105,0,0,0,0,1,0,0,0,0,1,1
lk0,toward,27.5,6,27.5,0.001,-87.486,0.0,-59.9855,0.8481,74.9,7,7,7,2,7 8,3,1,0.089,7,2,0.098,0,0,0,0,1,0,0,0,0,1,1
lk0,toward,27.5,7,27.5,0.001,-87.486,0.0,-59.9855,0.8481,75.0,7,7,7,2,7 8,3,1,0.087,7,2,0.113,0,0,0,0,1,0,0,0,0,1,1
lk0,toward,27.5,8,27.5,0.001,-87.486,0.0,-59.9855,0.8481,75.1,7,7,7,2,7 8,3,1,0.097,7,2,0.11,0,0,0,0,1,0,0,0,0,1,1
lk0,toward,27.5,9,27.5,0.001,-87.486,0.0,-59.9855,0.8481,75.2,7,7,7,2,7 8,3,1,0.086,7,2,0.09,0,0,0,0,1,0,0,0,0,1,1
lk0,toward,30.0,0,30.0,0.001,-89.986,0.0,-59.9855,0.8481,75.3,6,6,6,2,7 8,2,1,0.025,6,2,0.075,0,0,0,0,0,0,0,0,0,1,1
lk0,toward,30.0,1,30.0,0.001,-89.986,0.0,-59.9855,0.8481,75.4,6,6,6,2,7 8,2,1,0.01,6,2,0.083,0,0,0,0,1,0,0,0,0,1,1
lk0,toward,30.0,2,30.0,0.001,-89.986,0.0,-59.9855,0.8481,75.5,6,6,6,2,7 8,2,1,0.024,6,2,0.081,0,0,0,0,1,0,0,0,0,1,1
lk0,toward,30.0,3,30.0,0.001,-89.986,0.0,-59.9855,0.8481,75.6,6,6,6,2,7 8,2,1,0.004,6,2,0.076,0,0,0,0,1,0,0,0,0,1,1
lk0,toward,30.0,4,30.0,0.001,-89.986,0.0,-59.9855,0.8481,75.7,6,6,6,2,7 8,2,1,0.01,6,2,0.07,0,0,0,0,1,0,0,0,0,1,1
lk0,toward,30.0,5,30.0,0.001,-89.986,0.0,-59.9855,0.8481,75.8,6,6,6,2,7 8,2,1,0.003,6,2,0.074,0,0,0,0,1,0,0,0,0,1,1
lk0,toward,30.0,6,30.0,0.001,-89.986,0.0,-59.9855,0.8481,75.9,6,6,6,2,7 8,2,1,0.003,6,2,0.084,0,0,0,0,1,0,0,0,0,1,1
lk0,toward,30.0,7,30.0,0.001,-89.986,0.0,-59.9855,0.8481,76.0,6,6,6,2,7 8,2,1,0.018,6,2,0.081,0,0,0,0,1,0,0,0,0,1,1
lk0,toward,30.0,8,30.0,0.001,-89.986,0.0,-59.9855,0.8481,76.1,6,6,6,2,7 8,2,1,0.002,6,2,0.066,0,0,0,0,1,0,0,0,0,1,1
lk0,toward,30.0,9,30.0,0.001,-89.986,0.0,-59.9855,0.8481,76.2,6,6,6,2,7 8,2,1,0.003,6,2,0.068,0,0,0,0,1,0,0,0,0,1,1
lk0,toward,32.5,0,32.5,0.001,-92.486,0.0,-59.9855,0.8481,76.3,6,6,6,2,7 8,2,1,0.004,6,2,0.052,0,0,0,0,0,0,0,0,0,1,1
lk0,toward,32.5,1,32.5,0.001,-92.486,0.0,-59.9855,0.8481,76.4,6,6,6,2,7 8,2,1,0.003,6,2,0.07,0,0,0,0,1,0,0,0,0,1,1
lk0,toward,32.5,2,32.5,0.001,-92.486,0.0,-59.9855,0.8481,76.5,6,6,6,2,7 8,2,1,0.033,6,2,0.067,0,0,0,0,1,0,0,0,0,1,1
lk0,toward,32.5,3,32.5,0.001,-92.486,0.0,-59.9855,0.8481,76.6,6,6,6,2,7 8,2,1,0.007,6,2,0.058,0,0,0,0,1,0,0,0,0,1,1
lk0,toward,32.5,4,32.5,0.001,-92.486,0.0,-59.9855,0.8481,76.7,6,6,6,2,7 8,2,1,0.026,6,2,0.078,0,0,0,0,1,0,0,0,0,1,1
lk0,toward,32.5,5,32.5,0.001,-92.486,0.0,-59.9855,0.8481,76.8,6,6,6,2,7 8,2,1,0.001,6,2,0.069,0,0,0,0,1,0,0,0,0,1,1
lk0,toward,32.5,6,32.5,0.001,-92.486,0.0,-59.9855,0.8481,76.9,6,6,6,2,7 8,2,1,0.015,6,2,0.053,0,0,0,0,1,0,0,0,0,1,1
lk0,toward,32.5,7,32.5,0.001,-92.486,0.0,-59.9855,0.8481,77.0,6,6,6,2,7 8,2,1,0.002,6,2,0.066,0,0,0,0,1,0,0,0,0,1,1
lk0,toward,32.5,8,32.5,0.001,-92.486,0.0,-59.9855,0.8481,77.1,6,6,6,2,7 8,4,1,0.082,6,2,0.045,0,0,0,0,1,0,0,0,0,1,1
lk0,toward,32.5,9,32.5,0.001,-92.486,0.0,-59.9855,0.8481,77.2,6,6,6,2,7 8,2,1,0.003,6,2,0.062,0,0,0,0,1,0,0,0,0,1,1
lk0,toward,35.0,0,35.0,0.001,-94.986,0.0,-59.9855,0.8481,77.3,4,4,4,2,7 8,2,1,0.019,4,2,0.027,0,0,0,0,0,0,0,0,0,0,0
lk0,toward,35.0,1,35.0,0.001,-94.986,0.0,-59.9855,0.8481,77.4,4,4,4,2,7 8,2,1,0.02,4,2,0.011,0,0,0,0,0,0,0,0,0,0,0
lk0,toward,35.0,2,35.0,0.001,-94.986,0.0,-59.9855,0.8481,77.5,4,4,4,2,7 8,2,1,0.027,4,2,0.028,0,0,0,0,0,0,0,0,0,0,0
lk0,toward,35.0,3,35.0,0.001,-94.986,0.0,-59.9855,0.8481,77.6,4,4,4,2,7 8,2,1,0.048,4,2,0.016,0,0,0,0,0,0,0,0,0,0,0
lk0,toward,35.0,4,35.0,0.001,-94.986,0.0,-59.9855,0.8481,77.7,4,4,4,2,7 8,2,1,0.088,4,2,0.03,0,0,0,0,0,0,0,0,0,0,0
lk0,toward,35.0,5,35.0,0.001,-94.986,0.0,-59.9855,0.8481,77.8,4,4,4,2,7 8,2,1,0.078,4,2,0.04,0,0,0,0,0,0,0,0,0,0,0
lk0,toward,35.0,6,35.0,0.001,-94.986,0.0,-59.9855,0.8481,77.9,4,4,4,2,7 8,2,1,0.03,4,2,0.031,0,0,0,0,0,0,0,0,0,0,0
lk0,toward,35.0,7,35.0,0.001,-94.986,0.0,-59.9855,0.8481,78.0,4,4,4,2,7 8,2,1,0.056,4,2,0.013,0,0,0,0,0,0,0,0,0,0,0
lk0,toward,35.0,8,35.0,0.001,-94.986,0.0,-59.9855,0.8481,78.1,4,4,4,2,7 8,2,1,0.003,4,2,0.038,0,0,0,0,0,0,0,0,0,0,0
lk0,toward,35.0,9,35.0,0.001,-94.986,0.0,-59.9855,0.8481,78.2,4,4,4,2,7 8,2,1,0.009,4,2,0.034,0,0,0,0,0,0,0,0,0,0,0
lk0,toward,37.5,0,37.5,0.001,-97.486,0.0,-59.9855,0.8481,78.3,2,2,2,1,7,1,1,0.251,1,1,0.251,0,0,0,0,0,0,0,0,0,0,0
lk0,toward,37.5,1,37.5,0.001,-97.486,0.0,-59.9855,0.8481,78.4,2,2,2,1,7,1,1,0.233,1,1,0.233,0,0,0,0,0,0,0,0,0,0,0
lk0,toward,37.5,2,37.5,0.001,-97.486,0.0,-59.9855,0.8481,78.5,2,2,2,1,7,1,1,0.234,1,1,0.234,0,0,0,0,0,0,0,0,0,0,0
lk0,toward,37.5,3,37.5,0.001,-97.486,0.0,-59.9855,0.8481,78.6,2,2,2,1,7,1,1,0.255,1,1,0.255,0,0,0,0,0,0,0,0,0,0,0
lk0,toward,37.5,4,37.5,0.001,-97.486,0.0,-59.9855,0.8481,78.7,2,2,2,1,7,1,1,0.216,1,1,0.216,0,0,0,0,0,0,0,0,0,0,0
lk0,toward,37.5,5,37.5,0.001,-97.486,0.0,-59.9855,0.8481,78.8,2,2,2,1,7,1,1,0.226,1,1,0.226,0,0,0,0,0,0,0,0,0,0,0
lk0,toward,37.5,6,37.5,0.001,-97.486,0.0,-59.9855,0.8481,78.9,2,2,2,1,7,1,1,0.242,1,1,0.242,0,0,0,0,0,0,0,0,0,0,0
lk0,toward,37.5,7,37.5,0.001,-97.486,0.0,-59.9855,0.8481,79.0,2,2,2,1,7,2,1,0.054,2,1,0.054,0,0,0,0,0,0,0,0,0,0,0
lk0,toward,37.5,8,37.5,0.001,-97.486,0.0,-59.9855,0.8481,79.1,2,2,2,1,7,1,1,0.257,1,1,0.257,0,0,0,0,0,0,0,0,0,0,0
lk0,toward,37.5,9,37.5,0.001,-97.486,0.0,-59.9855,0.8481,79.2,2,2,2,1,7,1,1,0.233,1,1,0.233,0,0,0,0,0,0,0,0,0,0,0
lk0,toward,40.0,0,40.0,0.002,-99.986,0.0,-59.9855,0.8481,79.3,2,2,2,1,7,1,1,0.275,1,1,0.275,0,0,0,0,0,0,0,0,0,0,0
lk0,toward,40.0,1,40.0,0.002,-99.986,0.0,-59.9855,0.8481,79.4,2,2,2,1,7,1,1,0.273,1,1,0.273,0,0,0,0,0,0,0,0,0,0,0
lk0,toward,40.0,2,40.0,0.002,-99.986,0.0,-59.9855,0.8481,79.5,2,2,2,1,7,1,1,0.274,1,1,0.274,0,0,0,0,0,0,0,0,0,0,0
lk0,toward,40.0,3,40.0,0.002,-99.986,0.0,-59.9855,0.8481,79.6,2,2,2,1,7,1,1,0.277,1,1,0.277,0,0,0,0,0,0,0,0,0,0,0
lk0,toward,40.0,4,40.0,0.002,-99.986,0.0,-59.9855,0.8481,79.7,2,2,2,1,7,1,1,0.267,1,1,0.267,0,0,0,0,0,0,0,0,0,0,0
lk0,toward,40.0,5,40.0,0.002,-99.986,0.0,-59.9855,0.8481,79.8,2,2,2,1,7,1,1,0.26,1,1,0.26,0,0,0,0,0,0,0,0,0,0,0
lk0,toward,40.0,6,40.0,0.002,-99.986,0.0,-59.9855,0.8481,79.9,2,2,2,1,7,1,1,0.216,1,1,0.216,0,0,0,0,0,0,0,0,0,0,0
lk0,toward,40.0,7,40.0,0.002,-99.986,0.0,-59.9855,0.8481,80.0,2,2,2,1,7,1,1,0.283,1,1,0.283,0,0,0,0,0,0,0,0,0,0,0
lk0,toward,40.0,8,40.0,0.002,-99.986,0.0,-59.9855,0.8481,80.1,2,2,2,1,7,1,1,0.277,1,1,0.277,0,0,0,0,0,0,0,0,0,0,0
lk0,toward,40.0,9,40.0,0.002,-99.986,0.0,-59.9855,0.8481,80.2,2,2,2,1,7,1,1,0.222,1,1,0.222,0,0,0,0,0,0,0,0,0,0,0
lk0,across,5.0,0,5.0,0.0,-64.986,0.0,-59.9855,0.8481,80.3,148,148,148,10,3 4 5 6 7 8 9 10 11 12,148,10,0.096,148,10,0.096,0,0,0,0,0,1,1,1,1,1,1
lk0,across,5.0,1,5.0,0.0,-64.986,0.0,-59.9855,0.8481,80.4,148,148,148,10,3 4 5 6 7 8 9 10 11 12,148,10,0.096,148,10,0.096,1,1,1,1,1,1,1,1,1,1,1
lk0,across,5.0,2,5.0,0.0,-64.986,0.0,-59.9855,0.8481,80.5,148,148,148,10,3 4 5 6 7 8 9 10 11 12,148,10,0.095,148,10,0.095,1,1,1,1,1,1,1,1,1,1,1
lk0,across,5.0,3,5.0,0.0,-64.986,0.0,-59.9855,0.8481,80.6,148,148,148,10,3 4 5 6 7 8 9 10 11 12,148,10,0.099,148,10,0.099,1,1,1,1,1,1,1,1,1,1,1
lk0,across,5.0,4,5.0,0.0,-64.986,0.0,-59.9855,0.8481,80.7,148,148,148,10,3 4 5 6 7 8 9 10 11 12,148,10,0.097,148,10,0.097,1,1,1,1,1,1,1,1,1,1,1
lk0,across,5.0,5,5.0,0.0,-64.986,0.0,-59.9855,0.8481,80.8,148,148,148,10,3 4 5 6 7 8 9 10 11 12,148,10,0.096,148,10,0.096,1,1,1,1,1,1,1,1,1,1,1
lk0,across,5.0,6,5.0,0.0,-64.986,0.0,-59.9855,0.8481,80.9,148,148,148,10,3 4 5 6 7 8 9 10 11 12,148,10,0.095,148,10,0.095,1,1,1,1,1,1,1,1,1,1,1
lk0,across,5.0,7,5.0,0.0,-64.986,0.0,-59.9855,0.8481,81.0,148,148,148,10,3 4 5 6 7 8 9 10 11 12,148,10,0.098,148,10,0.098,1,1,1,1,1,1,1,1,1,1,1
lk0,across,5.0,8,5.0,0.0,-64.986,0.0,-59.9855,0.8481,81.1,146,146,146,10,3 4 5 6 7 8 9 10 11 12,146,10,0.1,146,10,0.1,1,1,1,1,1,1,1,1,1,1,1
lk0,across,5.0,9,5.0,0.0,-64.986,0.0,-59.9855,0.8481,81.2,146,146,146,10,3 4 5 6 7 8 9 10 11 12,146,10,0.096,146,10,0.096,1,1,1,1,1,1,1,1,1,1,1
lk0,across,7.5,0,7.5,0.0,-67.486,0.0,-59.9855,0.8481,81.3,64,64,64,6,5 6 7 8 9 10,64,6,0.088,64,6,0.088,0,0,0,0,0,1,1,1,1,1,1
lk0,across,7.5,1,7.5,0.0,-67.486,0.0,-59.9855,0.8481,81.4,64,64,64,6,5 6 7 8 9 10,64,6,0.086,64,6,0.086,1,1,1,1,1,1,1,1,1,1,1
lk0,across,7.5,2,7.5,0.0,-67.486,0.0,-59.9855,0.8481,81.5,64,64,64,6,5 6 7 8 9 10,64,6,0.083,64,6,0.083,1,1,1,1,1,1,1,1,1,1,1
lk0,across,7.5,3,7.5,0.0,-67.486,0.0,-59.9855,0.8481,81.6,64,64,64,6,5 6 7 8 9 10,64,6,0.084,64,6,0.084,1,1,1,1,1,1,1,1,1,1,1
lk0,across,7.5,4,7.5,0.0,-67.486,0.0,-59.9855,0.8481,81.7,64,64,64,6,5 6 7 8 9 10,64,6,0.088,64,6,0.088,1,1,1,1,1,1,1,1,1,1,1
lk0,across,7.5,5,7.5,0.0,-67.486,0.0,-59.9855,0.8481,81.8,64,64,64,6,5 6 7 8 9 10,64,6,0.084,64,6,0.084,1,1,1,1,1,1,1,1,1,1,1
lk0,across,7.5,6,7.5,0.0,-67.486,0.0,-59.9855,0.8481,81.9,64,64,64,6,5 6 7 8 9 10,64,6,0.086,64,6,0.086,1,1,1,1,1,1,1,1,1,1,1
lk0,across,7.5,7,7.5,0.0,-67.486,0.0,-59.9855,0.8481,82.0,64,64,64,6,5 6 7 8 9 10,64,6,0.087,64,6,0.087,1,1,1,1,1,1,1,1,1,1,1
lk0,across,7.5,8,7.5,0.0,-67.486,0.0,-59.9855,0.8481,82.1,64,64,64,6,5 6 7 8 9 10,64,6,0.086,64,6,0.086,1,1,1,1,1,1,1,1,1,1,1
lk0,across,7.5,9,7.5,0.0,-67.486,0.0,-59.9855,0.8481,82.2,64,64,64,6,5 6 7 8 9 10,64,6,0.084,64,6,0.084,1,1,1,1,1,1,1,1,1,1,1
lk0,across,10.0,0,10.0,0.0,-69.986,0.0,-59.9855,0.8481,82.3,41,41,41,5,6 7 8 9 10,41,5,0.085,41,5,0.085,0,0,0,0,0,1,1,1,1,1,1
lk0,across,10.0,1,10.0,0.0,-69.986,0.0,-59.9855,0.8481,82.4,41,41,41,5,6 7 8 9 10,41,5,0.095,41,5,0.095,1,1,1,1,1,1,1,1,1,1,1
lk0,across,10.0,2,10.0,0.0,-69.986,0.0,-59.9855,0.8481,82.5,41,41,41,5,6 7 8 9 10,41,5,0.087,41,5,0.087,1,1,1,1,1,1,1,1,1,1,1
lk0,across,10.0,3,10.0,0.0,-69.986,0.0,-59.9855,0.8481,82.6,41,41,41,5,6 7 8 9 10,41,5,0.095,41,5,0.095,1,1,1,1,1,1,1,1,1,1,1
lk0,across,10.0,4,10.0,0.0,-69.986,0.0,-59.9855,0.8481,82.7,41,41,41,5,6 7 8 9 10,41,5,0.092,41,5,0.092,1,1,1,1,1,1,1,1,1,1,1
lk0,across,10.0,5,10.0,0.0,-69.986,0.0,-59.9855,0.8481,82.8,41,41,41,5,6 7 8 9 10,41,5,0.09,41,5,0.09,1,1,1,1,1,1,1,1,1,1,1
lk0,across,10.0,6,10.0,0.0,-69.986,0.0,-59.9855,0.8481,82.9,41,41,41,5,6 7 8 9 10,41,5,0.092,41,5,0.092,1,1,1,1,1,1,1,1,1,1,1
lk0,across,10.0,7,10.0,0.0,-69.986,0.0,-59.9855,0.8481,83.0,41,41,41,5,6 7 8 9 10,41,5,0.095,41,5,0.095,1,1,1,1,1,1,1,1,1,1,1
lk0,across,10.0,8,10.0,0.0,-69.986,0.0,-59.9855,0.8481,83.1,41,41,41,5,6 7 8 9 10,41,5,0.091,41,5,0.091,1,1,1,1,1,1,1,1,1,1,1
lk0,across,10.0,9,10.0,0.0,-69.986,0.0,-59.9855,0.8481,83.2,41,41,41,5,6 7 8 9 10,41,5,0.087,41,5,0.087,1,1,1,1,1,1,1,1,1,1,1
lk0,across,12.5,0,12.5,0.0,-72.486,0.0,-59.9855,0.8481,83.3,22,22,22,4,6 7 8 9,22,4,0.065,22,4,0.065,0,0,0,0,0,1,1,1,1,1,1
lk0,across,12.5,1,12.5,0.0,-72.486,0.0,-59.9855,0.8481,83.4,22,22,22,4,6 7 8 9,22,4,0.069,22,4,0.069,1,1,1,1,1,1,1,1,1,1,1
lk0,across,12.5,2,12.5,0.0,-72.486,0.0,-59.9855,0.8481,83.5,22,22,22,4,6 7 8 9,22,4,0.06,22,4,0.06,1,1,1,1,1,1,1,1,1,1,1
lk0,across,12.5,3,12.5,0.0,-72.486,0.0,-59.9855,0.8481,83.6,22,22,22,4,6 7 8 9,22,4,0.058,22,4,0.058,1,1,1,1,1,1,1,1,1,1,1
lk0,across,12.5,4,12.5,0.0,-72.486,0.0,-59.9855,0.8481,83.7,22,22,22,4,6 7 8 9,22,4,0.073,22,4,0.073,1,1,1,1,1,1,1,1,1,1,1
lk0,across,12.5,5,12.5,0.0,-72.486,0.0,-59.9855,0.8481,83.8,22,22,22,4,6 7 8 9,22,4,0.068,22,4,0.068,1,1,1,1,1,1,1,1,1,1,1
lk0,across,12.5,6,12.5,0.0,-72.486,0.0,-59.9855,0.8481,83.9,22,22,22,4,6 7 8 9,22,4,0.064,22,4,0.064,1,1,1,1,1,1,1,1,1,1,1
lk0,across,12.5,7,12.5,0.0,-72.486,0.0,-59.9855,0.8481,84.0,22,22,22,4,6 7 8 9,22,4,0.071,22,4,0.071,1,1,1,1,1,1,1,1,1,1,1
lk0,across,12.5,8,12.5,0.0,-72.486,0.0,-59.9855,0.8481,84.1,22,22,22,4,6 7 8 9,22,4,0.065,22,4,0.065,1,1,1,1,1,1,1,1,1,1,1
lk0,across,12.5,9,12.5,0.0,-72.486,0.0,-59.9855,0.8481,84.2,22,22,22,4,6 7 8 9,22,4,0.063,22,4,0.063,1,1,1,1,1,1,1,1,1,1,1
lk0,across,15.0,0,15.0,0.001,-74.986,0.0,-59.9855,0.8481,84.3,18,18,18,4,6 7 8 9,5,1,0.064,18,4,0.064,0,0,0,0,0,0,0,0,0,1,1
lk0,across,15.0,1,15.0,0.001,-74.986,0.0,-59.9855,0.8481,84.4,18,18,18,4,6 7 8 9,4,1,0.068,18,4,0.06,0,0,0,0,1,0,0,0,0,1,1
lk0,across,15.0,2,15.0,0.001,-74.986,0.0,-59.9855,0.8481,84.5,18,18,18,4,6 7 8 9,4,1,0.057,18,4,0.058,0,0,0,0,1,0,0,0,0,1,1
lk0,across,15.0,3,15.0,0.001,-74.986,0.0,-59.9855,0.8481,84.6,18,18,18,4,6 7 8 9,5,1,0.074,18,4,0.062,0,0,0,0,1,0,0,0,0,1,1
lk0,across,15.0,4,15.0,0.001,-74.986,0.0,-59.9855,0.8481,84.7,18,18,18,4,6 7 8 9,4,1,0.072,18,4,0.066,0,0,0,0,1,0,0,0,0,1,1
lk0,across,15.0,5,15.0,0.001,-74.986,0.0,-59.9855,0.8481,84.8,18,18,18,4,6 7 8 9,4,1,0.073,18,4,0.075,0,0,0,0,1,0,0,0,0,1,1
lk0,across,15.0,6,15.0,0.001,-74.986,0.0,-59.9855,0.8481,84.9,18,18,18,4,6 7 8 9,4,1,0.078,18,4,0.073,0,0,0,0,1,0,0,0,0,1,1
lk0,across,15.0,7,15.0,0.001,-74.986,0.0,-59.9855,0.8481,85.0,18,18,18,4,6 7 8 9,5,1,0.077,18,4,0.072,0,0,0,0,1,0,0,0,0,1,1
lk0,across,15.0,8,15.0,0.001,-74.986,0.0,-59.9855,0.8481,85.1,18,18,18,4,6 7 8 9,5,1,0.082,18,4,0.073,0,0,0,0,1,0,0,0,0,1,1
lk0,across,15.0,9,15.0,0.001,-74.986,0.0,-59.9855,0.8481,85.2,18,18,18,4,6 7 8 9,5,1,0.069,18,4,0.062,0,0,0,0,1,0,0,0,0,1,1
lk0,across,17.5,0,17.5,0.001,-77.486,0.0,-59.9855,0.8481,85.3,7,7,7,2,7 8,4,1,0.059,7,2,0.101,0,0,0,0,0,0,0,0,0,1,1
lk0,across,17.5,1,17.5,0.001,-77.486,0.0,-59.9855,0.8481,85.4,7,7,7,2,7 8,4,1,0.053,7,2,0.102,0,0,0,0,1,0,0,0,0,1,1
lk0,across,17.5,2,17.5,0.001,-77.486,0.0,-59.9855,0.8481,85.5,7,7,7,2,7 8,4,1,0.054,7,2,0.099,0,0,0,0,1,0,0,0,0,1,1
lk0,across,17.5,3,17.5,0.001,-77.486,0.0,-59.9855,0.8481,85.6,7,7,7,2,7 8,4,1,0.057,7,2,0.106,0,0,0,0,1,0,0,0,0,1,1
lk0,across,17.5,4,17.5,0.001,-77.486,0.0,-59.9855,0.8481,85.7,7,7,7,2,7 8,4,1,0.063,7,2,0.106,0,0,0,0,1,0,0,0,0,1,1
lk0,across,17.5,5,17.5,0.001,-77.486,0.0,-59.9855,0.8481,85.8,7,7,7,2,7 8,4,1,0.044,7,2,0.083,0,0,0,0,1,0,0,0,0,1,1
lk0,across,17.5,6,17.5,0.001,-77.486,0.0,-59.9855,0.8481,85.9,7,7,7,2,7 8,4,1,0.052,7,2,0.099,0,0,0,0,1,0,0,0,0,1,1
lk0,across,17.5,7,17.5,0.001,-77.486,0.0,-59.9855,0.8481,86.0,7,7,7,2,7 8,4,1,0.062,7,2,0.113,0,0,0,0,1,0,0,0,0,1,1
lk0,across,17.5,8,17.5,0.001,-77.486,0.0,-59.9855,0.8481,86.1,7,7,7,2,7 8,4,1,0.061,7,2,0.106,0,0,0,0,1,0,0,0,0,1,1
lk0,across,17.5,9,17.5,0.001,-77.486,0.0,-59.9855,0.8481,86.2,7,7,7,2,7 8,4,1,0.063,7,2,0.105,0,0,0,0,1,0,0,0,0,1,1
lk0,across,20.0,0,20.0,0.001,-79.986,0.0,-59.9855,0.8481,86.3,8,8,8,2,7 8,5,1,0.075,8,2,0.122,0,0,0,0,0,0,0,0,0,1,1
lk0,across,20.0,1,20.0,0.001,-79.986,0.0,-59.9855,0.8481,86.4,8,8,8,2,7 8,5,1,0.054,8,2,0.101,0,0,0,0,1,0,0,0,0,1,1
lk0,across,20.0,2,20.0,0.001,-79.986,0.0,-59.9855,0.8481,86.5,8,8,8,2,7 8,5,1,0.072,8,2,0.119,0,0,0,0,1,0,0,0,0,1,1
lk0,across,20.0,3,20.0,0.001,-79.986,0.0,-59.9855,0.8481,86.6,8,8,8,2,7 8,5,1,0.072,8,2,0.109,0,0,0,0,1,0,0,0,0,1,1
lk0,across,20.0,4,20.0,0.001,-79.986,0.0,-59.9855,0.8481,86.7,8,8,8,2,7 8,5,1,0.066,8,2,0.112,0,0,0,0,1,0,0,0,0,1,1
lk0,across,20.0,5,20.0,0.001,-79.986,0.0,-59.9855,0.8481,86.8,8,8,8,2,7 8,5,1,0.057,8,2,0.107,0,0,0,0,1,0,0,0,0,1,1
lk0,across,20.0,6,20.0,0.001,-79.986,0.0,-59.9855,0.8481,86.9,8,8,8,2,7 8,5,1,0.052,8,2,0.101,0,0,0,0,1,0,0,0,0,1,1
lk0,across,20.0,7,20.0,0.001,-79.986,0.0,-59.9855,0.8481,87.0,8,8,8,2,7 8,5,1,0.066,8,2,0.113,0,0,0,0,1,0,0,0,0,1,1
lk0,across,20.0,8,20.0,0.001,-79.986,0.0,-59.9855,0.8481,87.1,8,8,8,2,7 8,5,1,0.059,8,2,0.111,0,0,0,0,1,0,0,0,0,1,1
lk0,across,20.0,9,20.0,0.001,-79.986,0.0,-59.9855,0.8481,87.2,8,8,8,2,7 8,5,1,0.057,8,2,0.11,0,0,0,0,1,0,0,0,0,1,1
lk0,across,22.5,0,22.5,0.001,-82.486,0.0,-59.9855,0.8481,87.3,8,8,8,2,7 8,5,1,0.057,8,2,0.093,0,0,0,0,0,0,0,0,0,1,1
lk0,across,22.5,1,22.5,0.001,-82.486,0.0,-59.9855,0.8481,87.4,8,8,8,2,7 8,5,1,0.043,8,2,0.087,0,0,0,0,1,0,0,0,0,1,1
lk0,across,22.5,2,22.5,0.001,-82.486,0.0,-59.9855,0.8481,87.5,8,8,8,2,7 8,5,1,0.06,8,2,0.095,0,0,0,0,1,0,0,0,0,1,1
lk0,across,22.5,3,22.5,0.001,-82.486,0.0,-59.9855,0.8481,87.6,8,8,8,2,7 8,5,1,0.042,8,2,0.083,0,0,0,0,1,0,0,0,0,1,1
lk0,across,22.5,4,22.5,0.001,-82.486,0.0,-59.9855,0.8481,87.7,8,8,8,2,7 8,5,1,0.058,8,2,0.102,0,0,0,0,1,0,0,0,0,1,1
lk0,across,22.5,5,22.5,0.001,-82.486,0.0,-59.9855,0.8481,87.8,8,8,8,2,7 8,5,1,0.052,8,2,0.092,0,0,0,0,1,0,0,0,0,1,1
lk0,across,22.5,6,22.5,0.001,-82.486,0.0,-59.9855,0.8481,87.9,8,8,8,2,7 8,5,1,0.051,8,2,0.086,0,0,0,0,1,0,0,0,0,1,1
lk0,across,22.5,7,22.5,0.001,-82.486,0.0,-59.9855,0.8481,88.0,8,8,8,2,7 8,5,1,0.066,8,2,0.103,0,0,0,0,1,0,0,0,0,1,1
lk0,across,22.5,8,22.5,0.001,-82.486,0.0,-59.9855,0.8481,88.1,8,8,8,2,7 8,5,1,0.079,8,2,0.113,0,0,0,0,1,0,0,0,0,1,1
lk0,across,22.5,9,22.5,0.001,-82.486,0.0,-59.9855,0.8481,88.2,8,8,8,2,7 8,5,1,0.062,8,2,0.088,0,0,0,0,1,0,0,0,0,1,1
lk0,across,25.0,0,25.0,0.001,-84.986,0.0,-59.9855,0.8481,88.3,6,6,6,2,7 8,3,1,0.131,6,2,0.132,0,0,0,0,0,0,0,0,0,1,1
lk0,across,25.0,1,25.0,0.001,-84.986,0.0,-59.9855,0.8481,88.4,6,6,6,2,7 8,3,1,0.122,6,2,0.129,0,0,0,0,1,0,0,0,0,1,1
lk0,across,25.0,2,25.0,0.001,-84.986,0.0,-59.9855,0.8481,88.5,6,6,6,2,7 8,3,1,0.11,6,2,0.112,0,0,0,0,1,0,0,0,0,1,1
lk0,across,25.0,3,25.0,0.001,-84.986,0.0,-59.9855,0.8481,88.6,6,6,6,2,7 8,3,1,0.113,6,2,0.128,0,0,0,0,1,0,0,0,0,1,1
lk0,across,25.0,4,25.0,0.001,-84.986,0.0,-59.9855,0.8481,88.7,6,6,6,2,7 8,3,1,0.108,6,2,0.121,0,0,0,0,1,0,0,0,0,1,1
lk0,across,25.0,5,25.0,0.001,-84.986,0.0,-59.9855,0.8481,88.8,6,6,6,2,7 8,3,1,0.125,6,2,0.14,0,0,0,0,1,0,0,0,0,1,1
lk0,across,25.0,6,25.0,0.001,-84.986,0.0,-59.9855,0.8481,88.9,6,6,6,2,7 8,3,1,0.098,6,2,0.113,0,0,0,0,1,0,0,0,0,1,1
lk0,across,25.0,7,25.0,0.001,-84.986,0.0,-59.9855,0.8481,89.0,6,6,6,2,7 8,3,1,0.115,6,2,0.131,0,0,0,0,1,0,0,0,0,1,1
lk0,across,25.0,8,25.0,0.001,-84.986,0.0,-59.9855,0.8481,89.1,6,6,6,2,7 8,3,1,0.114,6,2,0.129,0,0,0,0,1,0,0,0,0,1,1
lk0,across,25.0,9,25.0,0.001,-84.986,0.0,-59.9855,0.8481,89.2,6,6,6,2,7 8,3,1,0.111,6,2,0.123,0,0,0,0,1,0,0,0,0,1,1
lk0,across,27.5,0,27.5,0.001,-87.486,0.0,-59.9855,0.8481,89.3,5,5,5,2,7 8,3,1,0.121,5,2,0.141,0,0,0,0,0,0,0,0,0,1,1
lk0,across,27.5,1,27.5,0.001,-87.486,0.0,-59.9855,0.8481,89.4,5,5,5,2,7 8,3,1,0.129,5,2,0.146,0,0,0,0,1,0,0,0,0,1,1
lk0,across,27.5,2,27.5,0.001,-87.486,0.0,-59.9855,0.8481,89.5,5,5,5,2,7 8,3,1,0.125,5,2,0.132,0,0,0,0,1,0,0,0,0,1,1
lk0,across,27.5,3,27.5,0.001,-87.486,0.0,-59.9855,0.8481,89.6,5,5,5,2,7 8,3,1,0.116,5,2,0.14,0,0,0,0,1,0,0,0,0,1,1
lk0,across,27.5,4,27.5,0.001,-87.486,0.0,-59.9855,0.8481,89.7,5,5,5,2,7 8,3,1,0.12,5,2,0.134,0,0,0,0,1,0,0,0,0,1,1
lk0,across,27.5,5,27.5,0.001,-87.486,0.0,-59.9855,0.8481,89.8,5,5,5,2,7 8,3,1,0.123,5,2,0.14,0,0,0,0,1,0,0,0,0,1,1
lk0,across,27.5,6,27.5,0.001,-87.486,0.0,-59.9855,0.8481,89.9,5,5,5,2,7 8,3,1,0.113,5,2,0.132,0,0,0,0,1,0,0,0,0,1,1
lk0,across,27.5,7,27.5,0.001,-87.486,0.0,-59.9855,0.8481,90.0,5,5,5,2,7 8,3,1,0.113,5,2,0.132,0,0,0,0,1,0,0,0,0,1,1
lk0,across,27.5,8,27.5,0.001,-87.486,0.0,-59.9855,0.8481,90.1,5,5,5,2,7 8,3,1,0.126,5,2,0.146,0,0,0,0,1,0,0,0,0,1,1
lk0,across,27.5,9,27.5,0.001,-87.486,0.0,-59.9855,0.8481,90.2,5,5,5,2,7 8,3,1,0.112,5,2,0.141,0,0,0,0,1,0,0,0,0,1,1
lk0,across,30.0,0,30.0,0.001,-89.986,0.0,-59.9855,0.8481,90.3,4,4,4,2,7 8,2,1,0.065,4,2,0.114,0,0,0,0,0,0,0,0,0,0,0
lk0,across,30.0,1,30.0,0.001,-89.986,0.0,-59.9855,0.8481,90.4,4,4,4,2,7 8,2,1,0.071,4,2,0.141,0,0,0,0,0,0,0,0,0,0,0
lk0,across,30.0,2,30.0,0.001,-89.986,0.0,-59.9855,0.8481,90.5,4,4,4,2,7 8,2,1,0.092,4,2,0.135,0,0,0,0,0,0,0,0,0,0,0
lk0,across,30.0,3,30.0,0.001,-89.986,0.0,-59.9855,0.8481,90.6,4,4,4,2,7 8,2,1,0.078,4,2,0.132,0,0,0,0,0,0,0,0,0,0,0
lk0,across,30.0,4,30.0,0.001,-89.986,0.0,-59.9855,0.8481,90.7,4,4,4,2,7 8,2,1,0.097,4,2,0.151,0,0,0,0,0,0,0,0,0,0,0
lk0,across,30.0,5,30.0,0.001,-89.986,0.0,-59.9855,0.8481,90.8,4,4,4,2,7 8,2,1,0.078,4,2,0.124,0,0,0,0,0,0,0,0,0,0,0
lk0,across,30.0,6,30.0,0.001,-89.986,0.0,-59.9855,0.8481,90.9,4,4,4,2,7 8,2,1,0.068,4,2,0.118,0,0,0,0,0,0,0,0,0,0,0
lk0,across,30.0,7,30.0,0.001,-89.986,0.0,-59.9855,0.8481,91.0,4,4,4,2,7 8,2,1,0.081,4,2,0.124,0,0,0,0,0,0,0,0,0,0,0
lk0,across,30.0,8,30.0,0.001,-89.986,0.0,-59.9855,0.8481,91.1,4,4,4,2,7 8,2,1,0.079,4,2,0.138,0,0,0,0,0,0,0,0,0,0,0
lk0,across,30.0,9,30.0,0.001,-89.986,0.0,-59.9855,0.8481,91.2,4,4,4,2,7 8,2,1,0.066,4,2,0.119,0,0,0,0,0,0,0,0,0,0,0
lk0,across,32.5,0,32.5,0.001,-92.486,0.0,-59.9855,0.8481,91.3,4,4,4,2,7 8,2,1,0.151,4,2,0.103,0,0,0,0,0,0,0,0,0,0,0
lk0,across,32.5,1,32.5,0.001,-92.486,0.0,-59.9855,0.8481,91.4,4,4,4,2,7 8,2,1,0.085,4,2,0.113,0,0,0,0,0,0,0,0,0,0,0
lk0,across,32.5,2,32.5,0.001,-92.486,0.0,-59.9855,0.8481,91.5,4,4,4,2,7 8,2,1,0.173,4,2,0.106,0,0,0,0,0,0,0,0,0,0,0
lk0,across,32.5,3,32.5,0.001,-92.486,0.0,-59.9855,0.8481,91.6,4,4,4,2,7 8,1,1,0.191,4,2,0.131,0,0,0,0,0,0,0,0,0,0,0
lk0,across,32.5,4,32.5,0.001,-92.486,0.0,-59.9855,0.8481,91.7,4,4,4,2,7 8,2,1,0.071,4,2,0.117,0,0,0,0,0,0,0,0,0,0,0
lk0,across,32.5,5,32.5,0.001,-92.486,0.0,-59.9855,0.8481,91.8,4,4,4,2,7 8,1,1,0.184,4,2,0.124,0,0,0,0,0,0,0,0,0,0,0
lk0,across,32.5,6,32.5,0.001,-92.486,0.0,-59.9855,0.8481,91.9,4,4,4,2,7 8,1,1,0.176,4,2,0.132,0,0,0,0,0,0,0,0,0,0,0
lk0,across,32.5,7,32.5,0.001,-92.486,0.0,-59.9855,0.8481,92.0,4,4,4,2,7 8,2,1,0.082,4,2,0.132,0,0,0,0,0,0,0,0,0,0,0
lk0,across,32.5,8,32.5,0.001,-92.486,0.0,-59.9855,0.8481,92.1,4,4,4,2,7 8,2,1,0.068,4,2,0.111,0,0,0,0,0,0,0,0,0,0,0
lk0,across,32.5,9,32.5,0.001,-92.486,0.0,-59.9855,0.8481,92.2,4,4,4,2,7 8,2,1,0.068,4,2,0.114,0,0,0,0,0,0,0,0,0,0,0
lk0,across,35.0,0,35.0,0.001,-94.986,0.0,-59.9855,0.8481,92.3,3,3,3,2,7 8,1,1,0.111,3,2,0.066,0,0,0,0,0,0,0,0,0,0,0
lk0,across,35.0,1,35.0,0.001,-94.986,0.0,-59.9855,0.8481,92.4,3,3,3,2,7 8,1,1,0.098,3,2,0.073,0,0,0,0,0,0,0,0,0,0,0
lk0,across,35.0,2,35.0,0.001,-94.986,0.0,-59.9855,0.8481,92.5,3,3,3,2,7 8,1,1,0.113,3,2,0.077,0,0,0,0,0,0,0,0,0,0,0
lk0,across,35.0,3,35.0,0.001,-94.986,0.0,-59.9855,0.8481,92.6,3,3,3,2,7 8,1,1,0.124,3,2,0.068,0,0,0,0,0,0,0,0,0,0,0
lk0,across,35.0,4,35.0,0.001,-94.986,0.0,-59.9855,0.8481,92.7,3,3,3,2,7 8,1,1,0.114,3,2,0.072,0,0,0,0,0,0,0,0,0,0,0
lk0,across,35.0,5,35.0,0.001,-94.986,0.0,-59.9855,0.8481,92.8,3,3,3,2,7 8,1,1,0.117,3,2,0.069,0,0,0,0,0,0,0,0,0,0,0
lk0,across,35.0,6,35.0,0.001,-94.986,0.0,-59.9855,0.8481,92.9,3,3,3,2,7 8,1,1,0.111,3,2,0.074,0,0,0,0,0,0,0,0,0,0,0
lk0,across,35.0,7,35.0,0.001,-94.986,0.0,-59.9855,0.8481,93.0,3,3,3,2,7 8,1,1,0.082,3,2,0.064,0,0,0,0,0,0,0,0,0,0,0
lk0,across,35.0,8,35.0,0.001,-94.986,0.0,-59.9855,0.8481,93.1,3,3,3,2,7 8,1,1,0.102,3,2,0.063,0,0,0,0,0,0,0,0,0,0,0
lk0,across,35.0,9,35.0,0.001,-94.986,0.0,-59.9855,0.8481,93.2,3,3,3,2,7 8,1,1,0.093,3,2,0.066,0,0,0,0,0,0,0,0,0,0,0
lk0,across,37.5,0,37.5,0.001,-97.486,0.0,-59.9855,0.8481,93.3,3,3,3,2,7 8,1,1,0.091,3,2,0.047,0,0,0,0,0,0,0,0,0,0,0
lk0,across,37.5,1,37.5,0.001,-97.486,0.0,-59.9855,0.8481,93.4,3,3,3,2,7 8,1,1,0.066,3,2,0.035,0,0,0,0,0,0,0,0,0,0,0
lk0,across,37.5,2,37.5,0.001,-97.486,0.0,-59.9855,0.8481,93.5,3,3,3,2,7 8,1,1,0.081,3,2,0.062,0,0,0,0,0,0,0,0,0,0,0
lk0,across,37.5,3,37.5,0.001,-97.486,0.0,-59.9855,0.8481,93.6,3,3,3,2,7 8,1,1,0.083,3,2,0.058,0,0,0,0,0,0,0,0,0,0,0
lk0,across,37.5,4,37.5,0.001,-97.486,0.0,-59.9855,0.8481,93.7,3,3,3,2,7 8,1,1,0.078,3,2,0.027,0,0,0,0,0,0,0,0,0,0,0
lk0,across,37.5,5,37.5,0.001,-97.486,0.0,-59.9855,0.8481,93.8,3,3,3,2,7 8,1,1,0.086,3,2,0.047,0,0,0,0,0,0,0,0,0,0,0
lk0,across,37.5,6,37.5,0.001,-97.486,0.0,-59.9855,0.8481,93.9,3,3,3,2,7 8,1,1,0.073,3,2,0.028,0,0,0,0,0,0,0,0,0,0,0
lk0,across,37.5,7,37.5,0.001,-97.486,0.0,-59.9855,0.8481,94.0,3,3,3,2,7 8,1,1,0.068,3,2,0.033,0,0,0,0,0,0,0,0,0,0,0
lk0,across,37.5,8,37.5,0.001,-97.486,0.0,-59.9855,0.8481,94.1,3,3,3,2,7 8,1,1,0.071,3,2,0.033,0,0,0,0,0,0,0,0,0,0,0
lk0,across,37.5,9,37.5,0.001,-97.486,0.0,-59.9855,0.8481,94.2,3,3,3,2,7 8,1,1,0.084,3,2,0.046,0,0,0,0,0,0,0,0,0,0,0
lk0,across,40.0,0,40.0,0.002,-99.986,0.0,-59.9855,0.8481,94.3,2,2,2,2,7 8,1,1,0.082,2,2,0.14,0,0,0,0,0,0,0,0,0,0,0
lk0,across,40.0,1,40.0,0.002,-99.986,0.0,-59.9855,0.8481,94.4,2,2,2,2,7 8,1,1,0.093,2,2,0.14,0,0,0,0,0,0,0,0,0,0,0
lk0,across,40.0,2,40.0,0.002,-99.986,0.0,-59.9855,0.8481,94.5,2,2,2,2,7 8,1,1,0.096,2,2,0.14,0,0,0,0,0,0,0,0,0,0,0
lk0,across,40.0,3,40.0,0.002,-99.986,0.0,-59.9855,0.8481,94.6,2,2,2,2,7 8,1,1,0.082,2,2,0.14,0,0,0,0,0,0,0,0,0,0,0
lk0,across,40.0,4,40.0,0.002,-99.986,0.0,-59.9855,0.8481,94.7,2,2,2,2,7 8,1,1,0.098,2,2,0.14,0,0,0,0,0,0,0,0,0,0,0
lk0,across,40.0,5,40.0,0.002,-99.986,0.0,-59.9855,0.8481,94.8,2,2,2,2,7 8,1,1,0.084,2,2,0.14,0,0,0,0,0,0,0,0,0,0,0
lk0,across,40.0,6,40.0,0.002,-99.986,0.0,-59.9855,0.8481,94.9,2,2,2,2,7 8,1,1,0.079,2,2,0.141,0,0,0,0,0,0,0,0,0,0,0
lk0,across,40.0,7,40.0,0.002,-99.986,0.0,-59.9855,0.8481,95.0,2,2,2,2,7 8,1,1,0.079,2,2,0.14,0,0,0,0,0,0,0,0,0,0,0
lk0,across,40.0,8,40.0,0.002,-99.986,0.0,-59.9855,0.8481,95.1,2,2,2,2,7 8,1,1,0.097,2,2,0.14,0,0,0,0,0,0,0,0,0,0,0
lk0,across,40.0,9,40.0,0.002,-99.986,0.0,-59.9855,0.8481,95.2,2,2,2,2,7 8,1,1,0.089,2,2,0.144,0,0,0,0,0,0,0,0,0,0,0
mulcher,toward,5.0,0,5.0,-5.0,0.0,0.0,0.0,2.1,95.3,25,25,25,2,4 5,25,2,0.088,25,2,0.088,0,0,0,0,0,1,1,1,1,1,1
mulcher,toward,5.0,1,5.0,-5.0,0.0,0.0,0.0,2.1,95.4,25,25,25,2,4 5,25,2,0.093,25,2,0.093,1,1,1,1,1,1,1,1,1,1,1
mulcher,toward,5.0,2,5.0,-5.0,0.0,0.0,0.0,2.1,95.5,25,25,25,2,4 5,25,2,0.089,25,2,0.089,1,1,1,1,1,1,1,1,1,1,1
mulcher,toward,5.0,3,5.0,-5.0,0.0,0.0,0.0,2.1,95.6,25,25,25,2,4 5,25,2,0.092,25,2,0.092,1,1,1,1,1,1,1,1,1,1,1
mulcher,toward,5.0,4,5.0,-5.0,0.0,0.0,0.0,2.1,95.7,25,25,25,2,4 5,25,2,0.094,25,2,0.094,1,1,1,1,1,1,1,1,1,1,1
mulcher,toward,5.0,5,5.0,-5.0,0.0,0.0,0.0,2.1,95.8,25,25,25,2,4 5,25,2,0.092,25,2,0.092,1,1,1,1,1,1,1,1,1,1,1
mulcher,toward,5.0,6,5.0,-5.0,0.0,0.0,0.0,2.1,95.9,25,25,25,2,4 5,25,2,0.092,25,2,0.092,1,1,1,1,1,1,1,1,1,1,1
mulcher,toward,5.0,7,5.0,-5.0,0.0,0.0,0.0,2.1,96.0,25,25,25,2,4 5,25,2,0.097,25,2,0.097,1,1,1,1,1,1,1,1,1,1,1
mulcher,toward,5.0,8,5.0,-5.0,0.0,0.0,0.0,2.1,96.1,25,25,25,2,4 5,25,2,0.098,25,2,0.098,1,1,1,1,1,1,1,1,1,1,1
mulcher,toward,5.0,9,5.0,-5.0,0.0,0.0,0.0,2.1,96.2,25,25,25,2,4 5,25,2,0.095,25,2,0.095,1,1,1,1,1,1,1,1,1,1,1
mulcher,toward,7.5,0,7.5,-7.5,0.0,0.0,0.0,2.1,96.3,39,39,39,3,4 5 6,39,3,0.104,39,3,0.104,0,0,0,0,0,1,1,1,1,1,1
mulcher,toward,7.5,1,7.5,-7.5,0.0,0.0,0.0,2.1,96.4,39,39,39,3,4 5 6,39,3,0.105,39,3,0.105,1,1,1,1,1,1,1,1,1,1,1
mulcher,toward,7.5,2,7.5,-7.5,0.0,0.0,0.0,2.1,96.5,39,39,39,3,4 5 6,39,3,0.103,39,3,0.103,1,1,1,1,1,1,1,1,1,1,1
mulcher,toward,7.5,3,7.5,-7.5,0.0,0.0,0.0,2.1,96.6,39,39,39,3,4 5 6,39,3,0.107,39,3,0.107,1,1,1,1,1,1,1,1,1,1,1
mulcher,toward,7.5,4,7.5,-7.5,0.0,0.0,0.0,2.1,96.7,39,39,39,3,4 5 6,39,3,0.107,39,3,0.107,1,1,1,1,1,1,1,1,1,1,1
mulcher,toward,7.5,5,7.5,-7.5,0.0,0.0,0.0,2.1,96.8,39,39,39,3,4 5 6,39,3,0.107,39,3,0.107,1,1,1,1,1,1,1,1,1,1,1
mulcher,toward,7.5,6,7.5,-7.5,0.0,0.0,0.0,2.1,96.9,39,39,39,3,4 5 6,39,3,0.109,39,3,0.109,1,1,1,1,1,1,1,1,1,1,1
mulcher,toward,7.5,7,7.5,-7.5,0.0,0.0,0.0,2.1,97.0,39,39,39,3,4 5 6,39,3,0.113,39,3,0.113,1,1,1,1,1,1,1,1,1,1,1
mulcher,toward,7.5,8,7.5,-7.5,0.0,0.0,0.0,2.1,97.1,39,39,39,3,4 5 6,39,3,0.109,39,3,0.109,1,1,1,1,1,1,1,1,1,1,1
mulcher,toward,7.5,9,7.5,-7.5,0.0,0.0,0.0,2.1,97.2,39,39,39,3,4 5 6,39,3,0.105,39,3,0.105,1,1,1,1,1,1,1,1,1,1,1
mulcher,toward,10.0,0,10.0,-10.0,0.0,0.0,0.0,2.1,97.3,32,32,32,3,4 5 6,32,3,0.117,32,3,0.117,0,0,0,0,0,1,1,1,1,1,1
mulcher,toward,10.0,1,10.0,-10.0,0.0,0.0,0.0,2.1,97.4,32,32,32,3,4 5 6,32,3,0.117,32,3,0.117,1,1,1,1,1,1,1,1,1,1,1
mulcher,toward,10.0,2,10.0,-10.0,0.0,0.0,0.0,2.1,97.5,32,32,32,3,4 5 6,32,3,0.122,32,3,0.122,1,1,1,1,1,1,1,1,1,1,1
mulcher,toward,10.0,3,10.0,-10.0,0.0,0.0,0.0,2.1,97.6,32,32,32,3,4 5 6,32,3,0.112,32,3,0.112,1,1,1,1,1,1,1,1,1,1,1
mulcher,toward,10.0,4,10.0,-10.0,0.0,0.0,0.0,2.1,97.7,32,32,32,3,4 5 6,32,3,0.122,32,3,0.122,1,1,1,1,1,1,1,1,1,1,1
mulcher,toward,10.0,5,10.0,-10.0,0.0,0.0,0.0,2.1,97.8,32,32,32,3,4 5 6,32,3,0.12,32,3,0.12,1,1,1,1,1,1,1,1,1,1,1
mulcher,toward,10.0,6,10.0,-10.0,0.0,0.0,0.0,2.1,97.9,32,32,32,3,4 5 6,32,3,0.116,32,3,0.116,1,1,1,1,1,1,1,1,1,1,1
mulcher,toward,10.0,7,10.0,-10.0,0.0,0.0,0.0,2.1,98.0,32,32,32,3,4 5 6,32,3,0.116,32,3,0.116,1,1,1,1,1,1,1,1,1,1,1
mulcher,toward,10.0,8,10.0,-10.0,0.0,0.0,0.0,2.1,98.1,32,32,32,3,4 5 6,32,3,0.119,32,3,0.119,1,1,1,1,1,1,1,1,1,1,1
mulcher,toward,10.0,9,10.0,-10.0,0.0,0.0,0.0,2.1,98.2,32,32,32,3,4 5 6,32,3,0.117,32,3,0.117,1,1,1,1,1,1,1,1,1,1,1
mulcher,toward,12.5,0,12.5,-12.5,0.0,0.0,0.0,2.1,98.3,29,29,29,3,4 5 6,29,3,0.104,29,3,0.104,0,0,0,0,0,1,1,1,1,1,1
mulcher,toward,12.5,1,12.5,-12.5,0.0,0.0,0.0,2.1,98.4,29,29,29,3,4 5 6,29,3,0.108,29,3,0.108,1,1,1,1,1,1,1,1,1,1,1
mulcher,toward,12.5,2,12.5,-12.5,0.0,0.0,0.0,2.1,98.5,29,29,29,3,4 5 6,29,3,0.105,29,3,0.105,1,1,1,1,1,1,1,1,1,1,1
mulcher,toward,12.5,3,12.5,-12.5,0.0,0.0,0.0,2.1,98.6,29,29,29,3,4 5 6,29,3,0.107,29,3,0.107,1,1,1,1,1,1,1,1,1,1,1
mulcher,toward,12.5,4,12.5,-12.5,0.0,0.0,0.0,2.1,98.7,29,29,29,3,4 5 6,29,3,0.109,29,3,0.109,1,1,1,1,1,1,1,1,1,1,1
mulcher,toward,12.5,5,12.5,-12.5,0.0,0.0,0.0,2.1,98.8,29,29,29,3,4 5 6,29,3,0.103,29,3,0.103,1,1,1,1,1,1,1,1,1,1,1
mulcher,toward,12.5,6,12.5,-12.5,0.0,0.0,0.0,2.1,98.9,29,29,29,3,4 5 6,29,3,0.106,29,3,0.106,1,1,1,1,1,1,1,1,1,1,1
mulcher,toward,12.5,7,12.5,-12.5,0.0,0.0,0.0,2.1,99.0,29,29,29,3,4 5 6,29,3,0.1,29,3,0.1,1,1,1,1,1,1,1,1,1,1,1
mulcher,toward,12.5,8,12.5,-12.5,0.0,0.0,0.0,2.1,99.1,29,29,29,3,4 5 6,29,3,0.104,29,3,0.104,1,1,1,1,1,1,1,1,1,1,1
mulcher,toward,12.5,9,12.5,-12.5,0.0,0.0,0.0,2.1,99.2,29,29,29,3,4 5 6,29,3,0.1,29,3,0.1,1,1,1,1,1,1,1,1,1,1,1
mulcher,toward,15.0,0,15.0,-15.0,0.0,0.0,0.0,2.1,99.3,22,22,22,3,4 5 6,8,1,0.119,22,3,0.097,0,0,0,0,0,0,0,0,0,1,1
mulcher,toward,15.0,1,15.0,-15.0,0.0,0.0,0.0,2.1,99.4,22,22,22,3,4 5 6,8,1,0.11,22,3,0.093,0,0,0,0,1,0,0,0,0,1,1
mulcher,toward,15.0,2,15.0,-15.0,0.0,0.0,0.0,2.1,99.5,22,22,22,3,4 5 6,8,1,0.117,22,3,0.097,0,0,0,0,1,0,0,0,0,1,1
mulcher,toward,15.0,3,15.0,-15.0,0.0,0.0,0.0,2.1,99.6,22,22,22,3,4 5 6,8,1,0.118,22,3,0.097,0,0,0,0,1,0,0,0,0,1,1
mulcher,toward,15.0,4,15.0,-15.0,0.0,0.0,0.0,2.1,99.7,22,22,22,3,4 5 6,8,1,0.117,22,3,0.095,0,0,0,0,1,0,0,0,0,1,1
mulcher,toward,15.0,5,15.0,-15.0,0.0,0.0,0.0,2.1,99.8,22,22,22,3,4 5 6,10,1,0.113,22,3,0.085,0,0,0,0,1,0,0,0,0,1,1
mulcher,toward,15.0,6,15.0,-15.0,0.0,0.0,0.0,2.1,99.9,22,22,22,3,4 5 6,10,1,0.129,22,3,0.098,0,0,0,0,1,0,0,0,0,1,1
mulcher,toward,15.0,7,15.0,-15.0,0.0,0.0,0.0,2.1,100.0,22,22,22,3,4 5 6,4,1,0.041,22,3,0.09,0,0,0,0,1,0,0,0,0,1,1
mulcher,toward,15.0,8,15.0,-15.0,0.0,0.0,0.0,2.1,100.1,22,22,22,3,4 5 6,8,1,0.119,22,3,0.096,0,0,0,0,1,0,0,0,0,1,1
mulcher,toward,15.0,9,15.0,-15.0,0.0,0.0,0.0,2.1,100.2,22,22,22,3,4 5 6,8,1,0.12,22,3,0.1,0,0,0,0,1,0,0,0,0,1,1
mulcher,toward,17.5,0,17.5,-17.5,0.0,0.0,0.0,2.1,100.3,14,14,14,2,5 6,6,1,0.11,14,2,0.121,0,0,0,0,0,0,0,0,0,1,1
mulcher,toward,17.5,1,17.5,-17.5,0.0,0.0,0.0,2.1,100.4,14,14,14,2,5 6,6,1,0.122,14,2,0.127,0,0,0,0,1,0,0,0,0,1,1
mulcher,toward,17.5,2,17.5,-17.5,0.0,0.0,0.0,2.1,100.5,14,14,14,2,5 6,6,1,0.127,14,2,0.128,0,0,0,0,1,0,0,0,0,1,1
mulcher,toward,17.5,3,17.5,-17.5,0.0,0.0,0.0,2.1,100.6,14,14,14,2,5 6,8,1,0.122,14,2,0.123,0,0,0,0,1,0,0,0,0,1,1
mulcher,toward,17.5,4,17.5,-17.5,0.0,0.0,0.0,2.1,100.7,14,14,14,2,5 6,8,1,0.113,14,2,0.115,0,0,0,0,1,0,0,0,0,1,1
mulcher,toward,17.5,5,17.5,-17.5,0.0,0.0,0.0,2.1,100.8,14,14,14,2,5 6,6,1,0.113,14,2,0.119,0,0,0,0,1,0,0,0,0,1,1
mulcher,toward,17.5,6,17.5,-17.5,0.0,0.0,0.0,2.1,100.9,14,14,14,2,5 6,6,1,0.111,14,2,0.121,0,0,0,0,1,0,0,0,0,1,1
mulcher,toward,17.5,7,17.5,-17.5,0.0,0.0,0.0,2.1,101.0,14,14,14,2,5 6,6,1,0.114,14,2,0.116,0,0,0,0,1,0,0,0,0,1,1
mulcher,toward,17.5,8,17.5,-17.5,0.0,0.0,0.0,2.1,101.1,14,14,14,2,5 6,8,1,0.119,14,2,0.12,0,0,0,0,1,0,0,0,0,1,1
mulcher,toward,17.5,9,17.5,-17.5,0.0,0.0,0.0,2.1,101.2,14,14,14,2,5 6,6,1,0.116,14,2,0.123,0,0,0,0,1,0,0,0,0,1,1
mulcher,toward,20.0,0,20.0,-20.0,0.0,0.0,0.0,2.1,101.3,16,16,16,3,5 6 7,4,1,0.11,16,3,0.065,0,0,0,0,0,0,0,0,0,1,1
mulcher,toward,20.0,1,20.0,-20.0,0.0,0.0,0.0,2.1,101.4,16,16,16,3,5 6 7,4,1,0.105,16,3,0.06,0,0,0,0,1,0,0,0,0,1,1
mulcher,toward,20.0,2,20.0,-20.0,0.0,0.0,0.0,2.1,101.5,16,16,16,3,5 6 7,4,1,0.11,16,3,0.066,0,0,0,0,1,0,0,0,0,1,1
mulcher,toward,20.0,3,20.0,-20.0,0.0,0.0,0.0,2.1,101.6,16,16,16,3,5 6 7,4,1,0.087,16,3,0.054,0,0,0,0,1,0,0,0,0,1,1
mulcher,toward,20.0,4,20.0,-20.0,0.0,0.0,0.0,2.1,101.7,16,16,16,3,5 6 7,4,1,0.11,16,3,0.059,0,0,0,0,1,0,0,0,0,1,1
mulcher,toward,20.0,5,20.0,-20.0,0.0,0.0,0.0,2.1,101.8,16,16,16,3,5 6 7,4,1,0.114,16,3,0.063,0,0,0,0,1,0,0,0,0,1,1
mulcher,toward,20.0,6,20.0,-20.0,0.0,0.0,0.0,2.1,101.9,16,16,16,3,5 6 7,4,1,0.09,16,3,0.055,0,0,0,0,1,0,0,0,0,1,1
mulcher,toward,20.0,7,20.0,-20.0,0.0,0.0,0.0,2.1,102.0,16,16,16,3,5 6 7,4,1,0.093,16,3,0.061,0,0,0,0,1,0,0,0,0,1,1
mulcher,toward,20.0,8,20.0,-20.0,0.0,0.0,0.0,2.1,102.1,16,16,16,3,5 6 7,4,1,0.098,16,3,0.055,0,0,0,0,1,0,0,0,0,1,1
mulcher,toward,20.0,9,20.0,-20.0,0.0,0.0,0.0,2.1,102.2,16,16,16,3,5 6 7,4,1,0.102,16,3,0.061,0,0,0,0,1,0,0,0,0,1,1
mulcher,toward,22.5,0,22.5,-22.5,0.0,0.0,0.0,2.1,102.3,14,14,14,3,5 6 7,3,1,0.108,14,3,0.081,0,0,0,0,0,0,0,0,0,1,1
mulcher,toward,22.5,1,22.5,-22.5,0.0,0.0,0.0,2.1,102.4,14,14,14,3,5 6 7,7,1,0.134,14,3,0.083,0,0,0,0,1,0,0,0,0,1,1
mulcher,toward,22.5,2,22.5,-22.5,0.0,0.0,0.0,2.1,102.5,14,14,14,3,5 6 7,4,1,0.129,14,3,0.08,0,0,0,0,1,0,0,0,0,1,1
mulcher,toward,22.5,3,22.5,-22.5,0.0,0.0,0.0,2.1,102.6,14,14,14,3,5 6 7,7,1,0.121,14,3,0.078,0,0,0,0,1,0,0,0,0,1,1
mulcher,toward,22.5,4,22.5,-22.5,0.0,0.0,0.0,2.1,102.7,14,14,14,3,5 6 7,7,1,0.13,14,3,0.084,0,0,0,0,1,0,0,0,0,1,1
mulcher,toward,22.5,5,22.5,-22.5,0.0,0.0,0.0,2.1,102.8,14,14,14,3,5 6 7,4,1,0.126,14,3,0.082,0,0,0,0,1,0,0,0,0,1,1
mulcher,toward,22.5,6,22.5,-22.5,0.0,0.0,0.0,2.1,102.9,14,14,14,3,5 6 7,3,1,0.113,14,3,0.078,0,0,0,0,1,0,0,0,0,1,1
mulcher,toward,22.5,7,22.5,-22.5,0.0,0.0,0.0,2.1,103.0,14,14,14,3,5 6 7,4,1,0.119,14,3,0.08,0,0,0,0,1,0,0,0,0,1,1
mulcher,toward,22.5,8,22.5,-22.5,0.0,0.0,0.0,2.1,103.1,14,14,14,3,5 6 7,7,1,0.137,14,3,0.09,0,0,0,0,1,0,0,0,0,1,1
mulcher,toward,22.5,9,22.5,-22.5,0.0,0.0,0.0,2.1,103.2,14,14,14,3,5 6 7,4,1,0.117,14,3,0.086,0,0,0,0,1,0,0,0,0,1,1
mulcher,toward,25.0,0,25.0,-25.0,0.0,0.0,0.0,2.1,103.3,10,10,10,2,6 7,6,1,0.118,10,2,0.127,0,0,0,0,0,0,0,0,0,1,1
mulcher,toward,25.0,1,25.0,-25.0,0.0,0.0,0.0,2.1,103.4,10,10,10,2,6 7,6,1,0.126,10,2,0.134,0,0,0,0,1,0,0,0,0,1,1
mulcher,toward,25.0,2,25.0,-25.0,0.0,0.0,0.0,2.1,103.5,10,10,10,2,6 7,6,1,0.126,10,2,0.129,0,0,0,0,1,0,0,0,0,1,1
mulcher,toward,25.0,3,25.0,-25.0,0.0,0.0,0.0,2.1,103.6,10,10,10,2,6 7,6,1,0.124,10,2,0.134,0,0,0,0,1,0,0,0,0,1,1
mulcher,toward,25.0,4,25.0,-25.0,0.0,0.0,0.0,2.1,103.7,10,10,10,2,6 7,6,1,0.127,10,2,0.135,0,0,0,0,1,0,0,0,0,1,1
mulcher,toward,25.0,5,25.0,-25.0,0.0,0.0,0.0,2.1,103.8,10,10,10,2,6 7,6,1,0.121,10,2,0.127,0,0,0,0,1,0,0,0,0,1,1
mulcher,toward,25.0,6,25.0,-25.0,0.0,0.0,0.0,2.1,103.9,10,10,10,2,6 7,6,1,0.115,10,2,0.127,0,0,0,0,1,0,0,0,0,1,1
mulcher,toward,25.0,7,25.0,-25.0,0.0,0.0,0.0,2.1,104.0,10,10,10,2,6 7,6,1,0.125,10,2,0.136,0,0,0,0,1,0,0,0,0,1,1
mulcher,toward,25.0,8,25.0,-25.0,0.0,0.0,0.0,2.1,104.1,10,10,10,2,6 7,6,1,0.116,10,2,0.123,0,0,0,0,1,0,0,0,0,1,1
mulcher,toward,25.0,9,25.0,-25.0,0.0,0.0,0.0,2.1,104.2,10,10,10,2,6 7,6,1,0.113,10,2,0.125,0,0,0,0,1,0,0,0,0,1,1
mulcher,toward,27.5,0,27.5,-27.5,0.0,0.0,0.0,2.1,104.3,8,8,8,2,6 7,4,1,0.123,8,2,0.13,0,0,0,0,0,0,0,0,0,1,1
mulcher,toward,27.5,1,27.5,-27.5,0.0,0.0,0.0,2.1,104.4,8,8,8,2,6 7,4,1,0.12,8,2,0.131,0,0,0,0,1,0,0,0,0,1,1
mulcher,toward,27.5,2,27.5,-27.5,0.0,0.0,0.0,2.1,104.5,8,8,8,2,6 7,4,1,0.121,8,2,0.126,0,0,0,0,1,0,0,0,0,1,1
mulcher,toward,27.5,3,27.5,-27.5,0.0,0.0,0.0,2.1,104.6,8,8,8,2,6 7,4,1,0.128,8,2,0.137,0,0,0,0,1,0,0,0,0,1,1
mulcher,toward,27.5,4,27.5,-27.5,0.0,0.0,0.0,2.1,104.7,8,8,8,2,6 7,4,1,0.133,8,2,0.137,0,0,0,0,1,0,0,0,0,1,1
mulcher,toward,27.5,5,27.5,-27.5,0.0,0.0,0.0,2.1,104.8,8,8,8,2,6 7,4,1,0.126,8,2,0.131,0,0,0,0,1,0,0,0,0,1,1
mulcher,toward,27.5,6,27.5,-27.5,0.0,0.0,0.0,2.1,104.9,8,8,8,2,6 7,4,1,0.129,8,2,0.13,0,0,0,0,1,0,0,0,0,1,1
mulcher,toward,27.5,7,27.5,-27.5,0.0,0.0,0.0,2.1,105.0,8,8,8,2,6 7,4,1,0.123,8,2,0.123,0,0,0,0,1,0,0,0,0,1,1
mulcher,toward,27.5,8,27.5,-27.5,0.0,0.0,0.0,2.1,105.1,8,8,8,2,6 7,4,1,0.132,8,2,0.136,0,0,0,0,1,0,0,0,0,1,1
mulcher,toward,27.5,9,27.5,-27.5,0.0,0.0,0.0,2.1,105.2,8,8,8,2,6 7,4,1,0.114,8,2,0.122,0,0,0,0,1,0,0,0,0,1,1
mulcher,toward,30.0,0,30.0,-30.0,0.0,0.0,0.0,2.1,105.3,4,4,4,1,6,4,1,0.116,4,1,0.116,0,0,0,0,0,0,0,0,0,0,0
mulcher,toward,30.0,1,30.0,-30.0,0.0,0.0,0.0,2.1,105.4,4,4,4,1,6,4,1,0.13,4,1,0.13,0,0,0,0,0,0,0,0,0,0,0
mulcher,toward,30.0,2,30.0,-30.0,0.0,0.0,0.0,2.1,105.5,4,4,4,1,6,4,1,0.118,4,1,0.118,0,0,0,0,0,0,0,0,0,0,0
mulcher,toward,30.0,3,30.0,-30.0,0.0,0.0,0.0,2.1,105.6,4,4,4,1,6,4,1,0.122,4,1,0.122,0,0,0,0,0,0,0,0,0,0,0
mulcher,toward,30.0,4,30.0,-30.0,0.0,0.0,0.0,2.1,105.7,4,4,4,1,6,4,1,0.128,4,1,0.128,0,0,0,0,0,0,0,0,0,0,0
mulcher,toward,30.0,5,30.0,-30.0,0.0,0.0,0.0,2.1,105.8,4,4,4,1,6,4,1,0.12,4,1,0.12,0,0,0,0,0,0,0,0,0,0,0
mulcher,toward,30.0,6,30.0,-30.0,0.0,0.0,0.0,2.1,105.9,4,4,4,1,6,4,1,0.115,4,1,0.115,0,0,0,0,0,0,0,0,0,0,0
mulcher,toward,30.0,7,30.0,-30.0,0.0,0.0,0.0,2.1,106.0,4,4,4,1,6,4,1,0.134,4,1,0.134,0,0,0,0,0,0,0,0,0,0,0
mulcher,toward,30.0,8,30.0,-30.0,0.0,0.0,0.0,2.1,106.1,4,4,4,1,6,4,1,0.092,4,1,0.092,0,0,0,0,0,0,0,0,0,0,0
mulcher,toward,30.0,9,30.0,-30.0,0.0,0.0,0.0,2.1,106.2,4,4,4,1,6,4,1,0.144,4,1,0.144,0,0,0,0,0,0,0,0,0,0,0
mulcher,toward,32.5,0,32.5,-32.5,0.0,0.0,0.0,2.1,106.3,4,4,4,1,6,4,1,0.028,4,1,0.028,0,0,0,0,0,0,0,0,0,0,0
mulcher,toward,32.5,1,32.5,-32.5,0.0,0.0,0.0,2.1,106.4,4,4,4,1,6,4,1,0.027,4,1,0.027,0,0,0,0,0,0,0,0,0,0,0
mulcher,toward,32.5,2,32.5,-32.5,0.0,0.0,0.0,2.1,106.5,4,4,4,1,6,4,1,0.043,4,1,0.043,0,0,0,0,0,0,0,0,0,0,0
mulcher,toward,32.5,3,32.5,-32.5,0.0,0.0,0.0,2.1,106.6,4,4,4,1,6,4,1,0.027,4,1,0.027,0,0,0,0,0,0,0,0,0,0,0
mulcher,toward,32.5,4,32.5,-32.5,0.0,0.0,0.0,2.1,106.7,4,4,4,1,6,4,1,0.06,4,1,0.06,0,0,0,0,0,0,0,0,0,0,0
mulcher,toward,32.5,5,32.5,-32.5,0.0,0.0,0.0,2.1,106.8,4,4,4,1,6,4,1,0.049,4,1,0.049,0,0,0,0,0,0,0,0,0,0,0
mulcher,toward,32.5,6,32.5,-32.5,0.0,0.0,0.0,2.1,106.9,4,4,4,1,6,4,1,0.027,4,1,0.027,0,0,0,0,0,0,0,0,0,0,0
mulcher,toward,32.5,7,32.5,-32.5,0.0,0.0,0.0,2.1,107.0,4,4,4,1,6,4,1,0.027,4,1,0.027,0,0,0,0,0,0,0,0,0,0,0
mulcher,toward,32.5,8,32.5,-32.5,0.0,0.0,0.0,2.1,107.1,4,4,4,1,6,4,1,0.022,4,1,0.022,0,0,0,0,0,0,0,0,0,0,0
mulcher,toward,32.5,9,32.5,-32.5,0.0,0.0,0.0,2.1,107.2,4,4,4,1,6,4,1,0.031,4,1,0.031,0,0,0,0,0,0,0,0,0,0,0
mulcher,toward,35.0,0,35.0,-35.0,0.0,0.0,0.0,2.1,107.3,8,8,8,2,6 7,4,1,0.013,8,2,0.022,0,0,0,0,0,0,0,0,0,1,1
mulcher,toward,35.0,1,35.0,-35.0,0.0,0.0,0.0,2.1,107.4,8,8,8,2,6 7,4,1,0.011,8,2,0.022,0,0,0,0,1,0,0,0,0,1,1
mulcher,toward,35.0,2,35.0,-35.0,0.0,0.0,0.0,2.1,107.5,8,8,8,2,6 7,4,1,0.008,8,2,0.022,0,0,0,0,1,0,0,0,0,1,1
mulcher,toward,35.0,3,35.0,-35.0,0.0,0.0,0.0,2.1,107.6,8,8,8,2,6 7,4,1,0.014,8,2,0.022,0,0,0,0,1,0,0,0,0,1,1
mulcher,toward,35.0,4,35.0,-35.0,0.0,0.0,0.0,2.1,107.7,8,8,8,2,6 7,4,1,0.028,8,2,0.028,0,0,0,0,1,0,0,0,0,1,1
mulcher,toward,35.0,5,35.0,-35.0,0.0,0.0,0.0,2.1,107.8,8,8,8,2,6 7,4,1,0.023,8,2,0.017,0,0,0,0,1,0,0,0,0,1,1
mulcher,toward,35.0,6,35.0,-35.0,0.0,0.0,0.0,2.1,107.9,8,8,8,2,6 7,4,1,0.011,8,2,0.035,0,0,0,0,1,0,0,0,0,1,1
mulcher,toward,35.0,7,35.0,-35.0,0.0,0.0,0.0,2.1,108.0,8,8,8,2,6 7,4,1,0.001,8,2,0.031,0,0,0,0,1,0,0,0,0,1,1
mulcher,toward,35.0,8,35.0,-35.0,0.0,0.0,0.0,2.1,108.1,8,8,8,2,6 7,4,1,0.011,8,2,0.021,0,0,0,0,1,0,0,0,0,1,1
mulcher,toward,35.0,9,35.0,-35.0,0.0,0.0,0.0,2.1,108.2,8,8,8,2,6 7,4,1,0.02,8,2,0.018,0,0,0,0,1,0,0,0,0,1,1
mulcher,toward,37.5,0,37.5,-37.5,0.0,0.0,0.0,2.1,108.3,8,8,8,2,6 7,4,1,0.088,8,2,0.04,0,0,0,0,0,0,0,0,0,1,1
mulcher,toward,37.5,1,37.5,-37.5,0.0,0.0,0.0,2.1,108.4,8,8,8,2,6 7,4,1,0.09,8,2,0.039,0,0,0,0,1,0,0,0,0,1,1
mulcher,toward,37.5,2,37.5,-37.5,0.0,0.0,0.0,2.1,108.5,8,8,8,2,6 7,4,1,0.029,8,2,0.023,0,0,0,0,1,0,0,0,0,1,1
mulcher,toward,37.5,3,37.5,-37.5,0.0,0.0,0.0,2.1,108.6,8,8,8,2,6 7,4,1,0.075,8,2,0.025,0,0,0,0,1,0,0,0,0,1,1
mulcher,toward,37.5,4,37.5,-37.5,0.0,0.0,0.0,2.1,108.7,8,8,8,2,6 7,4,1,0.08,8,2,0.034,0,0,0,0,1,0,0,0,0,1,1
mulcher,toward,37.5,5,37.5,-37.5,0.0,0.0,0.0,2.1,108.8,8,8,8,2,6 7,4,1,0.076,8,2,0.021,0,0,0,0,1,0,0,0,0,1,1
mulcher,toward,37.5,6,37.5,-37.5,0.0,0.0,0.0,2.1,108.9,8,8,8,2,6 7,4,1,0.096,8,2,0.043,0,0,0,0,1,0,0,0,0,1,1
mulcher,toward,37.5,7,37.5,-37.5,0.0,0.0,0.0,2.1,109.0,8,8,8,2,6 7,4,1,0.068,8,2,0.028,0,0,0,0,1,0,0,0,0,1,1
mulcher,toward,37.5,8,37.5,-37.5,0.0,0.0,0.0,2.1,109.1,8,8,8,2,6 7,4,1,0.021,8,2,0.044,0,0,0,0,1,0,0,0,0,1,1
mulcher,toward,37.5,9,37.5,-37.5,0.0,0.0,0.0,2.1,109.2,8,8,8,2,6 7,4,1,0.084,8,2,0.029,0,0,0,0,1,0,0,0,0,1,1
mulcher,toward,40.0,0,40.0,-40.0,0.0,0.0,0.0,2.1,109.3,6,6,6,1,7,6,1,0.096,6,1,0.096,0,0,0,0,0,0,0,0,0,0,1
mulcher,toward,40.0,1,40.0,-40.0,0.0,0.0,0.0,2.1,109.4,6,6,6,1,7,6,1,0.097,6,1,0.097,0,0,0,0,0,0,0,0,0,0,1
mulcher,toward,40.0,2,40.0,-40.0,0.0,0.0,0.0,2.1,109.5,6,6,6,1,7,6,1,0.098,6,1,0.098,0,0,0,0,0,0,0,0,0,0,1
mulcher,toward,40.0,3,40.0,-40.0,0.0,0.0,0.0,2.1,109.6,6,6,6,1,7,6,1,0.081,6,1,0.081,0,0,0,0,0,0,0,0,0,0,1
mulcher,toward,40.0,4,40.0,-40.0,0.0,0.0,0.0,2.1,109.7,6,6,6,1,7,6,1,0.094,6,1,0.094,0,0,0,0,0,0,0,0,0,0,1
mulcher,toward,40.0,5,40.0,-40.0,0.0,0.0,0.0,2.1,109.8,6,6,6,1,7,6,1,0.104,6,1,0.104,0,0,0,0,0,0,0,0,0,0,1
mulcher,toward,40.0,6,40.0,-40.0,0.0,0.0,0.0,2.1,109.9,6,6,6,1,7,6,1,0.084,6,1,0.084,0,0,0,0,0,0,0,0,0,0,1
mulcher,toward,40.0,7,40.0,-40.0,0.0,0.0,0.0,2.1,110.0,6,6,6,1,7,6,1,0.093,6,1,0.093,0,0,0,0,0,0,0,0,0,0,1
mulcher,toward,40.0,8,40.0,-40.0,0.0,0.0,0.0,2.1,110.1,6,6,6,1,7,6,1,0.083,6,1,0.083,0,0,0,0,0,0,0,0,0,0,1
mulcher,toward,40.0,9,40.0,-40.0,0.0,0.0,0.0,2.1,110.2,6,6,6,1,7,6,1,0.101,6,1,0.101,0,0,0,0,0,0,0,0,0,0,1
mulcher,across,5.0,0,5.0,-5.0,0.0,0.0,0.0,2.1,110.3,21,21,21,2,4 5,21,2,0.082,21,2,0.082,0,0,0,0,0,1,1,1,1,1,1
mulcher,across,5.0,1,5.0,-5.0,0.0,0.0,0.0,2.1,110.4,21,21,21,2,4 5,21,2,0.079,21,2,0.079,1,1,1,1,1,1,1,1,1,1,1
mulcher,across,5.0,2,5.0,-5.0,0.0,0.0,0.0,2.1,110.5,21,21,21,2,4 5,21,2,0.076,21,2,0.076,1,1,1,1,1,1,1,1,1,1,1
mulcher,across,5.0,3,5.0,-5.0,0.0,0.0,0.0,2.1,110.6,21,21,21,2,4 5,21,2,0.078,21,2,0.078,1,1,1,1,1,1,1,1,1,1,1
mulcher,across,5.0,4,5.0,-5.0,0.0,0.0,0.0,2.1,110.7,21,21,21,2,4 5,21,2,0.078,21,2,0.078,1,1,1,1,1,1,1,1,1,1,1
mulcher,across,5.0,5,5.0,-5.0,0.0,0.0,0.0,2.1,110.8,21,21,21,2,4 5,21,2,0.074,21,2,0.074,1,1,1,1,1,1,1,1,1,1,1
mulcher,across,5.0,6,5.0,-5.0,0.0,0.0,0.0,2.1,110.9,21,21,21,2,4 5,21,2,0.077,21,2,0.077,1,1,1,1,1,1,1,1,1,1,1
mulcher,across,5.0,7,5.0,-5.0,0.0,0.0,0.0,2.1,111.0,21,21,21,2,4 5,21,2,0.082,21,2,0.082,1,1,1,1,1,1,1,1,1,1,1
mulcher,across,5.0,8,5.0,-5.0,0.0,0.0,0.0,2.1,111.1,21,21,21,2,4 5,21,2,0.078,21,2,0.078,1,1,1,1,1,1,1,1,1,1,1
mulcher,across,5.0,9,5.0,-5.0,0.0,0.0,0.0,2.1,111.2,21,21,21,2,4 5,21,2,0.073,21,2,0.073,1,1,1,1,1,1,1,1,1,1,1
mulcher,across,7.5,0,7.5,-7.5,0.0,0.0,0.0,2.1,111.3,28,28,28,3,4 5 6,28,3,0.12,28,3,0.12,0,0,0,0,0,1,1,1,1,1,1
mulcher,across,7.5,1,7.5,-7.5,0.0,0.0,0.0,2.1,111.4,28,28,28,3,4 5 6,28,3,0.118,28,3,0.118,1,1,1,1,1,1,1,1,1,1,1
mulcher,across,7.5,2,7.5,-7.5,0.0,0.0,0.0,2.1,111.5,28,28,28,3,4 5 6,28,3,0.117,28,3,0.117,1,1,1,1,1,1,1,1,1,1,1
mulcher,across,7.5,3,7.5,-7.5,0.0,0.0,0.0,2.1,111.6,28,28,28,3,4 5 6,28,3,0.119,28,3,0.119,1,1,1,1,1,1,1,1,1,1,1
mulcher,across,7.5,4,7.5,-7.5,0.0,0.0,0.0,2.1,111.7,28,28,28,3,4 5 6,28,3,0.113,28,3,0.113,1,1,1,1,1,1,1,1,1,1,1
mulcher,across,7.5,5,7.5,-7.5,0.0,0.0,0.0,2.1,111.8,28,28,28,3,4 5 6,28,3,0.127,28,3,0.127,1,1,1,1,1,1,1,1,1,1,1
mulcher,across,7.5,6,7.5,-7.5,0.0,0.0,0.0,2.1,111.9,28,28,28,3,4 5 6,28,3,0.119,28,3,0.119,1,1,1,1,1,1,1,1,1,1,1
mulcher,across,7.5,7,7.5,-7.5,0.0,0.0,0.0,2.1,112.0,28,28,28,3,4 5 6,28,3,0.123,28,3,0.123,1,1,1,1,1,1,1,1,1,1,1
mulcher,across,7.5,8,7.5,-7.5,0.0,0.0,0.0,2.1,112.1,28,28,28,3,4 5 6,28,3,0.117,28,3,0.117,1,1,1,1,1,1,1,1,1,1,1
mulcher,across,7.5,9,7.5,-7.5,0.0,0.0,0.0,2.1,112.2,28,28,28,3,4 5 6,28,3,0.122,28,3,0.122,1,1,1,1,1,1,1,1,1,1,1
mulcher,across,10.0,0,10.0,-10.0,0.0,0.0,0.0,2.1,112.3,28,28,28,3,4 5 6,28,3,0.122,28,3,0.122,0,0,0,0,0,1,1,1,1,1,1
mulcher,across,10.0,1,10.0,-10.0,0.0,0.0,0.0,2.1,112.4,28,28,28,3,4 5 6,28,3,0.114,28,3,0.114,1,1,1,1,1,1,1,1,1,1,1
mulcher,across,10.0,2,10.0,-10.0,0.0,0.0,0.0,2.1,112.5,28,28,28,3,4 5 6,28,3,0.119,28,3,0.119,1,1,1,1,1,1,1,1,1,1,1
mulcher,across,10.0,3,10.0,-10.0,0.0,0.0,0.0,2.1,112.6,28,28,28,3,4 5 6,28,3,0.117,28,3,0.117,1,1,1,1,1,1,1,1,1,1,1
mulcher,across,10.0,4,10.0,-10.0,0.0,0.0,0.0,2.1,112.7,28,28,28,3,4 5 6,28,3,0.115,28,3,0.115,1,1,1,1,1,1,1,1,1,1,1
mulcher,across,10.0,5,10.0,-10.0,0.0,0.0,0.0,2.1,112.8,28,28,28,3,4 5 6,28,3,0.115,28,3,0.115,1,1,1,1,1,1,1,1,1,1,1
mulcher,across,10.0,6,10.0,-10.0,0.0,0.0,0.0,2.1,112.9,28,28,28,3,4 5 6,28,3,0.119,28,3,0.119,1,1,1,1,1,1,1,1,1,1,1
mulcher,across,10.0,7,10.0,-10.0,0.0,0.0,0.0,2.1,113.0,28,28,28,3,4 5 6,28,3,0.118,28,3,0.118,1,1,1,1,1,1,1,1,1,1,1
mulcher,across,10.0,8,10.0,-10.0,0.0,0.0,0.0,2.1,113.1,28,28,28,3,4 5 6,28,3,0.117,28,3,0.117,1,1,1,1,1,1,1,1,1,1,1
mulcher,across,10.0,9,10.0,-10.0,0.0,0.0,0.0,2.1,113.2,28,28,28,3,4 5 6,28,3,0.114,28,3,0.114,1,1,1,1,1,1,1,1,1,1,1
mulcher,across,12.5,0,12.5,-12.5,0.0,0.0,0.0,2.1,113.3,22,22,22,3,4 5 6,22,3,0.122,22,3,0.122,0,0,0,0,0,1,1,1,1,1,1
mulcher,across,12.5,1,12.5,-12.5,0.0,0.0,0.0,2.1,113.4,22,22,22,3,4 5 6,22,3,0.121,22,3,0.121,1,1,1,1,1,1,1,1,1,1,1
mulcher,across,12.5,2,12.5,-12.5,0.0,0.0,0.0,2.1,113.5,22,22,22,3,4 5 6,22,3,0.121,22,3,0.121,1,1,1,1,1,1,1,1,1,1,1
mulcher,across,12.5,3,12.5,-12.5,0.0,0.0,0.0,2.1,113.6,22,22,22,3,4 5 6,22,3,0.12,22,3,0.12,1,1,1,1,1,1,1,1,1,1,1
mulcher,across,12.5,4,12.5,-12.5,0.0,0.0,0.0,2.1,113.7,22,22,22,3,4 5 6,22,3,0.122,22,3,0.122,1,1,1,1,1,1,1,1,1,1,1
mulcher,across,12.5,5,12.5,-12.5,0.0,0.0,0.0,2.1,113.8,22,22,22,3,4 5 6,22,3,0.123,22,3,0.123,1,1,1,1,1,1,1,1,1,1,1
mulcher,across,12.5,6,12.5,-12.5,0.0,0.0,0.0,2.1,113.9,22,22,22,3,4 5 6,22,3,0.121,22,3,0.121,1,1,1,1,1,1,1,1,1,1,1
mulcher,across,12.5,7,12.5,-12.5,0.0,0.0,0.0,2.1,114.0,22,22,22,3,4 5 6,22,3,0.131,22,3,0.131,1,1,1,1,1,1,1,1,1,1,1
mulcher,across,12.5,8,12.5,-12.5,0.0,0.0,0.0,2.1,114.1,22,22,22,3,4 5 6,22,3,0.122,22,3,0.122,1,1,1,1,1,1,1,1,1,1,1
mulcher,across,12.5,9,12.5,-12.5,0.0,0.0,0.0,2.1,114.2,22,22,22,3,4 5 6,22,3,0.119,22,3,0.119,1,1,1,1,1,1,1,1,1,1,1
mulcher,across,15.0,0,15.0,-15.0,0.0,0.0,0.0,2.1,114.3,20,20,20,3,4 5 6,8,1,0.082,20,3,0.108,0,0,0,0,0,0,0,0,0,1,1
mulcher,across,15.0,1,15.0,-15.0,0.0,0.0,0.0,2.1,114.4,20,20,20,3,4 5 6,8,1,0.088,20,3,0.108,0,0,0,0,1,0,0,0,0,1,1
mulcher,across,15.0,2,15.0,-15.0,0.0,0.0,0.0,2.1,114.5,20,20,20,3,4 5 6,8,1,0.102,20,3,0.119,0,0,0,0,1,0,0,0,0,1,1
mulcher,across,15.0,3,15.0,-15.0,0.0,0.0,0.0,2.1,114.6,20,20,20,3,4 5 6,8,1,0.076,20,3,0.108,0,0,0,0,1,0,0,0,0,1,1
mulcher,across,15.0,4,15.0,-15.0,0.0,0.0,0.0,2.1,114.7,20,20,20,3,4 5 6,8,1,0.086,20,3,0.113,0,0,0,0,1,0,0,0,0,1,1
mulcher,across,15.0,5,15.0,-15.0,0.0,0.0,0.0,2.1,114.8,20,20,20,3,4 5 6,8,1,0.086,20,3,0.108,0,0,0,0,1,0,0,0,0,1,1
mulcher,across,15.0,6,15.0,-15.0,0.0,0.0,0.0,2.1,114.9,20,20,20,3,4 5 6,8,1,0.081,20,3,0.111,0,0,0,0,1,0,0,0,0,1,1
mulcher,across,15.0,7,15.0,-15.0,0.0,0.0,0.0,2.1,115.0,20,20,20,3,4 5 6,8,1,0.086,20,3,0.11,0,0,0,0,1,0,0,0,0,1,1
mulcher,across,15.0,8,15.0,-15.0,0.0,0.0,0.0,2.1,115.1,20,20,20,3,4 5 6,8,1,0.084,20,3,0.115,0,0,0,0,1,0,0,0,0,1,1
mulcher,across,15.0,9,15.0,-15.0,0.0,0.0,0.0,2.1,115.2,20,20,20,3,4 5 6,8,1,0.093,20,3,0.116,0,0,0,0,1,0,0,0,0,1,1
mulcher,across,17.5,0,17.5,-17.5,0.0,0.0,0.0,2.1,115.3,10,10,10,2,5 6,5,1,0.06,10,2,0.107,0,0,0,0,0,0,0,0,0,1,1
mulcher,across,17.5,1,17.5,-17.5,0.0,0.0,0.0,2.1,115.4,10,10,10,2,5 6,5,1,0.067,10,2,0.112,0,0,0,0,1,0,0,0,0,1,1
mulcher,across,17.5,2,17.5,-17.5,0.0,0.0,0.0,2.1,115.5,10,10,10,2,5 6,5,1,0.08,10,2,0.118,0,0,0,0,1,0,0,0,0,1,1
mulcher,across,17.5,3,17.5,-17.5,0.0,0.0,0.0,2.1,115.6,10,10,10,2,5 6,5,1,0.049,10,2,0.105,0,0,0,0,1,0,0,0,0,1,1
mulcher,across,17.5,4,17.5,-17.5,0.0,0.0,0.0,2.1,115.7,10,10,10,2,5 6,5,1,0.074,10,2,0.108,0,0,0,0,1,0,0,0,0,1,1
mulcher,across,17.5,5,17.5,-17.5,0.0,0.0,0.0,2.1,115.8,10,10,10,2,5 6,5,1,0.058,10,2,0.1,0,0,0,0,1,0,0,0,0,1,1
mulcher,across,17.5,6,17.5,-17.5,0.0,0.0,0.0,2.1,115.9,10,10,10,2,5 6,5,1,0.072,10,2,0.117,0,0,0,0,1,0,0,0,0,1,1
mulcher,across,17.5,7,17.5,-17.5,0.0,0.0,0.0,2.1,116.0,10,10,10,2,5 6,5,1,0.073,10,2,0.118,0,0,0,0,1,0,0,0,0,1,1
mulcher,across,17.5,8,17.5,-17.5,0.0,0.0,0.0,2.1,116.1,10,10,10,2,5 6,5,1,0.064,10,2,0.114,0,0,0,0,1,0,0,0,0,1,1
mulcher,across,17.5,9,17.5,-17.5,0.0,0.0,0.0,2.1,116.2,10,10,10,2,5 6,5,1,0.054,10,2,0.103,0,0,0,0,1,0,0,0,0,1,1
mulcher,across,20.0,0,20.0,-20.0,0.0,0.0,0.0,2.1,116.3,14,14,14,3,5 6 7,3,1,0.085,14,3,0.091,0,0,0,0,0,0,0,0,0,1,1
mulcher,across,20.0,1,20.0,-20.0,0.0,0.0,0.0,2.1,116.4,14,14,14,3,5 6 7,3,1,0.095,14,3,0.099,0,0,0,0,1,0,0,0,0,1,1
mulcher,across,20.0,2,20.0,-20.0,0.0,0.0,0.0,2.1,116.5,14,14,14,3,5 6 7,3,1,0.079,14,3,0.092,0,0,0,0,1,0,0,0,0,1,1
mulcher,across,20.0,3,20.0,-20.0,0.0,0.0,0.0,2.1,116.6,14,14,14,3,5 6 7,3,1,0.092,14,3,0.094,0,0,0,0,1,0,0,0,0,1,1
mulcher,across,20.0,4,20.0,-20.0,0.0,0.0,0.0,2.1,116.7,14,14,14,3,5 6 7,3,1,0.079,14,3,0.087,0,0,0,0,1,0,0,0,0,1,1
mulcher,across,20.0,5,20.0,-20.0,0.0,0.0,0.0,2.1,116.8,14,14,14,3,5 6 7,3,1,0.081,14,3,0.097,0,0,0,0,1,0,0,0,0,1,1
mulcher,across,20.0,6,20.0,-20.0,0.0,0.0,0.0,2.1,116.9,14,14,14,3,5 6 7,3,1,0.092,14,3,0.097,0,0,0,0,1,0,0,0,0,1,1
mulcher,across,20.0,7,20.0,-20.0,0.0,0.0,0.0,2.1,117.0,14,14,14,3,5 6 7,3,1,0.076,14,3,0.095,0,0,0,0,1,0,0,0,0,1,1
mulcher,across,20.0,8,20.0,-20.0,0.0,0.0,0.0,2.1,117.1,14,14,14,3,5 6 7,3,1,0.08,14,3,0.093,0,0,0,0,1,0,0,0,0,1,1
mulcher,across,20.0,9,20.0,-20.0,0.0,0.0,0.0,2.1,117.2,14,14,14,3,5 6 7,3,1,0.089,14,3,0.098,0,0,0,0,1,0,0,0,0,1,1
mulcher,across,22.5,0,22.5,-22.5,0.0,0.0,0.0,2.1,117.3,15,15,15,3,5 6 7,3,1,0.029,15,3,0.064,0,0,0,0,0,0,0,0,0,1,1
mulcher,across,22.5,1,22.5,-22.5,0.0,0.0,0.0,2.1,117.4,15,15,15,3,5 6 7,5,1,0.052,15,3,0.06,0,0,0,0,1,0,0,0,0,1,1
mulcher,across,22.5,2,22.5,-22.5,0.0,0.0,0.0,2.1,117.5,15,15,15,3,5 6 7,5,1,0.055,15,3,0.065,0,0,0,0,1,0,0,0,0,1,1
mulcher,across,22.5,3,22.5,-22.5,0.0,0.0,0.0,2.1,117.6,15,15,15,3,5 6 7,3,1,0.027,15,3,0.069,0,0,0,0,1,0,0,0,0,1,1
mulcher,across,22.5,4,22.5,-22.5,0.0,0.0,0.0,2.1,117.7,15,15,15,3,5 6 7,3,1,0.028,15,3,0.065,0,0,0,0,1,0,0,0,0,1,1
mulcher,across,22.5,5,22.5,-22.5,0.0,0.0,0.0,2.1,117.8,15,15,15,3,5 6 7,5,1,0.046,15,3,0.064,0,0,0,0,1,0,0,0,0,1,1
mulcher,across,22.5,6,22.5,-22.5,0.0,0.0,0.0,2.1,117.9,15,15,15,3,5 6 7,3,1,0.03,15,3,0.073,0,0,0,0,1,0,0,0,0,1,1
mulcher,across,22.5,7,22.5,-22.5,0.0,0.0,0.0,2.1,118.0,15,15,15,3,5 6 7,5,1,0.05,15,3,0.07,0,0,0,0,1,0,0,0,0,1,1
mulcher,across,22.5,8,22.5,-22.5,0.0,0.0,0.0,2.1,118.1,15,15,15,3,5 6 7,3,1,0.028,15,3,0.067,0,0,0,0,1,0,0,0,0,1,1
mulcher,across,22.5,9,22.5,-22.5,0.0,0.0,0.0,2.1,118.2,15,15,15,3,5 6 7,3,1,0.033,15,3,0.058,0,0,0,0,1,0,0,0,0,1,1
mulcher,across,25.0,0,25.0,-25.0,0.0,0.0,0.0,2.1,118.3,9,9,9,2,6 7,6,1,0.073,9,2,0.077,0,0,0,0,0,0,0,0,0,1,1
mulcher,across,25.0,1,25.0,-25.0,0.0,0.0,0.0,2.1,118.4,9,9,9,2,6 7,6,1,0.077,9,2,0.083,0,0,0,0,1,0,0,0,0,1,1
mulcher,across,25.0,2,25.0,-25.0,0.0,0.0,0.0,2.1,118.5,9,9,9,2,6 7,6,1,0.066,9,2,0.074,0,0,0,0,1,0,0,0,0,1,1
mulcher,across,25.0,3,25.0,-25.0,0.0,0.0,0.0,2.1,118.6,9,9,9,2,6 7,6,1,0.08,9,2,0.078,0,0,0,0,1,0,0,0,0,1,1
mulcher,across,25.0,4,25.0,-25.0,0.0,0.0,0.0,2.1,118.7,9,9,9,2,6 7,6,1,0.07,9,2,0.079,0,0,0,0,1,0,0,0,0,1,1
mulcher,across,25.0,5,25.0,-25.0,0.0,0.0,0.0,2.1,118.8,9,9,9,2,6 7,6,1,0.062,9,2,0.07,0,0,0,0,1,0,0,0,0,1,1
mulcher,across,25.0,6,25.0,-25.0,0.0,0.0,0.0,2.1,118.9,9,9,9,2,6 7,6,1,0.065,9,2,0.082,0,0,0,0,1,0,0,0,0,1,1
mulcher,across,25.0,7,25.0,-25.0,0.0,0.0,0.0,2.1,119.0,9,9,9,2,6 7,6,1,0.068,9,2,0.08,0,0,0,0,1,0,0,0,0,1,1
mulcher,across,25.0,8,25.0,-25.0,0.0,0.0,0.0,2.1,119.1,9,9,9,2,6 7,6,1,0.069,9,2,0.07,0,0,0,0,1,0,0,0,0,1,1
mulcher,across,25.0,9,25.0,-25.0,0.0,0.0,0.0,2.1,119.2,9,9,9,2,6 7,6,1,0.08,9,2,0.078,0,0,0,0,1,0,0,0,0,1,1
mulcher,across,27.5,0,27.5,-27.5,0.0,0.0,0.0,2.1,119.3,8,8,8,2,6 7,3,1,0.107,8,2,0.102,0,0,0,0,0,0,0,0,0,1,1
mulcher,across,27.5,1,27.5,-27.5,0.0,0.0,0.0,2.1,119.4,8,8,8,2,6 7,5,1,0.104,8,2,0.101,0,0,0,0,1,0,0,0,0,1,1
mulcher,across,27.5,2,27.5,-27.5,0.0,0.0,0.0,2.1,119.5,8,8,8,2,6 7,5,1,0.103,8,2,0.108,0,0,0,0,1,0,0,0,0,1,1
mulcher,across,27.5,3,27.5,-27.5,0.0,0.0,0.0,2.1,119.6,8,8,8,2,6 7,3,1,0.112,8,2,0.113,0,0,0,0,1,0,0,0,0,1,1
mulcher,across,27.5,4,27.5,-27.5,0.0,0.0,0.0,2.1,119.7,8,8,8,2,6 7,3,1,0.107,8,2,0.108,0,0,0,0,1,0,0,0,0,1,1
mulcher,across,27.5,5,27.5,-27.5,0.0,0.0,0.0,2.1,119.8,8,8,8,2,6 7,3,1,0.102,8,2,0.096,0,0,0,0,1,0,0,0,0,1,1
mulcher,across,27.5,6,27.5,-27.5,0.0,0.0,0.0,2.1,119.9,8,8,8,2,6 7,5,1,0.107,8,2,0.106,0,0,0,0,1,0,0,0,0,1,1
mulcher,across,27.5,7,27.5,-27.5,0.0,0.0,0.0,2.1,120.0,8,8,8,2,6 7,3,1,0.102,8,2,0.094,0,0,0,0,1,0,0,0,0,1,1
mulcher,across,27.5,8,27.5,-27.5,0.0,0.0,0.0,2.1,120.1,8,8,8,2,6 7,5,1,0.103,8,2,0.099,0,0,0,0,1,0,0,0,0,1,1
mulcher,across,27.5,9,27.5,-27.5,0.0,0.0,0.0,2.1,120.2,8,8,8,2,6 7,3,1,0.113,8,2,0.109,0,0,0,0,1,0,0,0,0,1,1
mulcher,across,30.0,0,30.0,-30.0,0.0,0.0,0.0,2.1,120.3,6,6,6,2,6 7,2,1,0.083,6,2,0.076,0,0,0,0,0,0,0,0,0,1,1
mulcher,across,30.0,1,30.0,-30.0,0.0,0.0,0.0,2.1,120.4,6,6,6,2,6 7,2,1,0.071,6,2,0.084,0,0,0,0,1,0,0,0,0,1,1
mulcher,across,30.0,2,30.0,-30.0,0.0,0.0,0.0,2.1,120.5,6,6,6,2,6 7,4,1,0.079,6,2,0.071,0,0,0,0,1,0,0,0,0,1,1
mulcher,across,30.0,3,30.0,-30.0,0.0,0.0,0.0,2.1,120.6,6,6,6,2,6 7,2,1,0.089,6,2,0.107,0,0,0,0,1,0,0,0,0,1,1
mulcher,across,30.0,4,30.0,-30.0,0.0,0.0,0.0,2.1,120.7,6,6,6,2,6 7,2,1,0.07,6,2,0.08,0,0,0,0,1,0,0,0,0,1,1
mulcher,across,30.0,5,30.0,-30.0,0.0,0.0,0.0,2.1,120.8,6,6,6,2,6 7,2,1,0.078,6,2,0.088,0,0,0,0,1,0,0,0,0,1,1
mulcher,across,30.0,6,30.0,-30.0,0.0,0.0,0.0,2.1,120.9,6,6,6,2,6 7,2,1,0.068,6,2,0.065,0,0,0,0,1,0,0,0,0,1,1
mulcher,across,30.0,7,30.0,-30.0,0.0,0.0,0.0,2.1,121.0,6,6,6,2,6 7,2,1,0.08,6,2,0.087,0,0,0,0,1,0,0,0,0,1,1
mulcher,across,30.0,8,30.0,-30.0,0.0,0.0,0.0,2.1,121.1,6,6,6,2,6 7,2,1,0.078,6,2,0.083,0,0,0,0,1,0,0,0,0,1,1
mulcher,across,30.0,9,30.0,-30.0,0.0,0.0,0.0,2.1,121.2,6,6,6,2,6 7,2,1,0.071,6,2,0.073,0,0,0,0,1,0,0,0,0,1,1
mulcher,across,32.5,0,32.5,-32.5,0.0,0.0,0.0,2.1,121.3,4,4,4,2,6 7,2,1,0.029,4,2,0.037,0,0,0,0,0,0,0,0,0,0,0
mulcher,across,32.5,1,32.5,-32.5,0.0,0.0,0.0,2.1,121.4,4,4,4,2,6 7,2,1,0.064,4,2,0.046,0,0,0,0,0,0,0,0,0,0,0
mulcher,across,32.5,2,32.5,-32.5,0.0,0.0,0.0,2.1,121.5,4,4,4,2,6 7,2,1,0.073,4,2,0.049,0,0,0,0,0,0,0,0,0,0,0
mulcher,across,32.5,3,32.5,-32.5,0.0,0.0,0.0,2.1,121.6,4,4,4,2,6 7,2,1,0.077,4,2,0.06,0,0,0,0,0,0,0,0,0,0,0
mulcher,across,32.5,4,32.5,-32.5,0.0,0.0,0.0,2.1,121.7,4,4,4,2,6 7,2,1,0.071,4,2,0.046,0,0,0,0,0,0,0,0,0,0,0
mulcher,across,32.5,5,32.5,-32.5,0.0,0.0,0.0,2.1,121.8,4,4,4,2,6 7,2,1,0.061,4,2,0.054,0,0,0,0,0,0,0,0,0,0,0
mulcher,across,32.5,6,32.5,-32.5,0.0,0.0,0.0,2.1,121.9,4,4,4,2,6 7,2,1,0.081,4,2,0.068,0,0,0,0,0,0,0,0,0,0,0
mulcher,across,32.5,7,32.5,-32.5,0.0,0.0,0.0,2.1,122.0,4,4,4,2,6 7,2,1,0.049,4,2,0.061,0,0,0,0,0,0,0,0,0,0,0
mulcher,across,32.5,8,32.5,-32.5,0.0,0.0,0.0,2.1,122.1,4,4,4,2,6 7,2,1,0.092,4,2,0.064,0,0,0,0,0,0,0,0,0,0,0
mulcher,across,32.5,9,32.5,-32.5,0.0,0.0,0.0,2.1,122.2,4,4,4,2,6 7,2,1,0.056,4,2,0.073,0,0,0,0,0,0,0,0,0,0,0
mulcher,across,35.0,0,35.0,-35.0,0.0,0.0,0.0,2.1,122.3,4,4,4,2,6 7,2,1,0.081,4,2,0.051,0,0,0,0,0,0,0,0,0,0,0
mulcher,across,35.0,1,35.0,-35.0,0.0,0.0,0.0,2.1,122.4,4,4,4,2,6 7,2,1,0.07,4,2,0.054,0,0,0,0,0,0,0,0,0,0,0
mulcher,across,35.0,2,35.0,-35.0,0.0,0.0,0.0,2.1,122.5,4,4,4,2,6 7,2,1,0.066,4,2,0.024,0,0,0,0,0,0,0,0,0,0,0
mulcher,across,35.0,3,35.0,-35.0,0.0,0.0,0.0,2.1,122.6,4,4,4,2,6 7,2,1,0.081,4,2,0.056,0,0,0,0,0,0,0,0,0,0,0
mulcher,across,35.0,4,35.0,-35.0,0.0,0.0,0.0,2.1,122.7,4,4,4,2,6 7,2,1,0.066,4,2,0.042,0,0,0,0,0,0,0,0,0,0,0
mulcher,across,35.0,5,35.0,-35.0,0.0,0.0,0.0,2.1,122.8,4,4,4,2,6 7,2,1,0.068,4,2,0.038,0,0,0,0,0,0,0,0,0,0,0
mulcher,across,35.0,6,35.0,-35.0,0.0,0.0,0.0,2.1,122.9,4,4,4,2,6 7,2,1,0.066,4,2,0.039,0,0,0,0,0,0,0,0,0,0,0
mulcher,across,35.0,7,35.0,-35.0,0.0,0.0,0.0,2.1,123.0,4,4,4,2,6 7,2,1,0.065,4,2,0.026,0,0,0,0,0,0,0,0,0,0,0
mulcher,across,35.0,8,35.0,-35.0,0.0,0.0,0.0,2.1,123.1,4,4,4,2,6 7,2,1,0.076,4,2,0.057,0,0,0,0,0,0,0,0,0,0,0
mulcher,across,35.0,9,35.0,-35.0,0.0,0.0,0.0,2.1,123.2,4,4,4,2,6 7,2,1,0.074,4,2,0.051,0,0,0,0,0,0,0,0,0,0,0
mulcher,across,37.5,0,37.5,-37.5,0.0,0.0,0.0,2.1,123.3,5,5,5,2,6 7,4,1,0.065,5,2,0.066,0,0,0,0,0,0,0,0,0,1,1
mulcher,across,37.5,1,37.5,-37.5,0.0,0.0,0.0,2.1,123.4,5,5,5,2,6 7,4,1,0.073,5,2,0.069,0,0,0,0,1,0,0,0,0,1,1
mulcher,across,37.5,2,37.5,-37.5,0.0,0.0,0.0,2.1,123.5,5,5,5,2,6 7,4,1,0.079,5,2,0.07,0,0,0,0,1,0,0,0,0,1,1
mulcher,across,37.5,3,37.5,-37.5,0.0,0.0,0.0,2.1,123.6,5,5,5,2,6 7,4,1,0.062,5,2,0.065,0,0,0,0,1,0,0,0,0,1,1
mulcher,across,37.5,4,37.5,-37.5,0.0,0.0,0.0,2.1,123.7,5,5,5,2,6 7,4,1,0.068,5,2,0.067,0,0,0,0,1,0,0,0,0,1,1
mulcher,across,37.5,5,37.5,-37.5,0.0,0.0,0.0,2.1,123.8,5,5,5,2,6 7,4,1,0.055,5,2,0.061,0,0,0,0,1,0,0,0,0,1,1
mulcher,across,37.5,6,37.5,-37.5,0.0,0.0,0.0,2.1,123.9,5,5,5,2,6 7,4,1,0.078,5,2,0.07,0,0,0,0,1,0,0,0,0,1,1
mulcher,across,37.5,7,37.5,-37.5,0.0,0.0,0.0,2.1,124.0,5,5,5,2,6 7,4,1,0.074,5,2,0.067,0,0,0,0,1,0,0,0,0,1,1
mulcher,across,37.5,8,37.5,-37.5,0.0,0.0,0.0,2.1,124.1,5,5,5,2,6 7,4,1,0.079,5,2,0.07,0,0,0,0,1,0,0,0,0,1,1
mulcher,across,37.5,9,37.5,-37.5,0.0,0.0,0.0,2.1,124.2,5,5,5,2,6 7,4,1,0.071,5,2,0.068,0,0,0,0,1,0,0,0,0,1,1
mulcher,across,40.0,0,40.0,-40.0,0.0,0.0,0.0,2.1,124.3,4,4,4,1,7,4,1,0.168,4,1,0.168,0,0,0,0,0,0,0,0,0,0,0
mulcher,across,40.0,1,40.0,-40.0,0.0,0.0,0.0,2.1,124.4,4,4,4,1,7,4,1,0.153,4,1,0.153,0,0,0,0,0,0,0,0,0,0,0
mulcher,across,40.0,2,40.0,-40.0,0.0,0.0,0.0,2.1,124.5,4,4,4,1,7,4,1,0.174,4,1,0.174,0,0,0,0,0,0,0,0,0,0,0
mulcher,across,40.0,3,40.0,-40.0,0.0,0.0,0.0,2.1,124.6,4,4,4,1,7,4,1,0.152,4,1,0.152,0,0,0,0,0,0,0,0,0,0,0
mulcher,across,40.0,4,40.0,-40.0,0.0,0.0,0.0,2.1,124.7,4,4,4,1,7,4,1,0.149,4,1,0.149,0,0,0,0,0,0,0,0,0,0,0
mulcher,across,40.0,5,40.0,-40.0,0.0,0.0,0.0,2.1,124.8,4,4,4,1,7,4,1,0.145,4,1,0.145,0,0,0,0,0,0,0,0,0,0,0
mulcher,across,40.0,6,40.0,-40.0,0.0,0.0,0.0,2.1,124.9,4,4,4,1,7,4,1,0.162,4,1,0.162,0,0,0,0,0,0,0,0,0,0,0
mulcher,across,40.0,7,40.0,-40.0,0.0,0.0,0.0,2.1,125.0,4,4,4,1,7,4,1,0.147,4,1,0.147,0,0,0,0,0,0,0,0,0,0,0
mulcher,across,40.0,8,40.0,-40.0,0.0,0.0,0.0,2.1,125.1,4,4,4,1,7,4,1,0.181,4,1,0.181,0,0,0,0,0,0,0,0,0,0,0
mulcher,across,40.0,9,40.0,-40.0,0.0,0.0,0.0,2.1,125.2,4,4,4,1,7,4,1,0.18,4,1,0.18,0,0,0,0,0,0,0,0,0,0,0
